guess,totalgreen,totalyellow,greenrank,yellowrank
ABACK,566,885,#2188,#2977
ABAFT,615,1040,#1794,#2793
ABASE,862,1381,#310,#2068
ABATE,834,1487,#407,#1702
ABBEY,633,1395,#1649,#2023
ABBOT,462,1520,#2774,#1579
ABHOR,377,2011,#3008,#298
ABIDE,719,1792,#969,#751
ABLER,580,2290,#2070,#50
ABODE,727,1828,#910,#663
ABOUT,591,1717,#1982,#944
ABOVE,710,1675,#1031,#1071
ABUSE,726,1799,#917,#725
ABYSS,302,1377,#3085,#2079
ACHED,468,1993,#2747,#330
ACHES,402,2226,#2956,#78
ACIDS,413,1857,#2930,#600
ACORN,553,2083,#2277,#213
ACRES,519,2447,#2473,#10
ACRID,488,1972,#2643,#370
ACTED,542,2145,#2346,#144
ACTOR,468,2281,#2747,#54
ACUTE,715,2023,#1001,#280
ADAGE,795,1315,#546,#2236
ADAPT,623,1201,#1735,#2513
ADDED,504,1331,#2560,#2193
ADDER,563,1912,#2203,#494
ADEPT,497,2101,#2596,#187
ADIEU,550,2095,#2292,#198
ADMIT,504,1736,#2560,#884
ADOBE,695,1860,#1143,#592
ADOPT,566,1737,#2188,#879
ADORE,798,2197,#537,#93
ADORN,541,2043,#2359,#256
ADULT,574,1775,#2130,#788
AEGIS,498,2214,#2593,#88
AEONS,662,2275,#1384,#55
AFFIX,276,1132,#3094,#2642
AFIRE,780,2048,#627,#249
AFOOT,617,1376,#1782,#2081
AFTER,579,2290,#2076,#50
AGAIN,603,1300,#1889,#2282
AGAPE,763,1310,#710,#2256
AGATE,834,1521,#407,#1577
AGENT,599,2119,#1919,#168
AGILE,785,1966,#602,#385
AGING,486,1374,#2651,#2083
AGLOW,308,1801,#3079,#721
AGONY,706,1468,#1062,#1776
AGREE,825,1708,#439,#972
AHEAD,581,1597,#2065,#1322
AIDED,632,1690,#1661,#1023
AIDES,566,2195,#2188,#95
AILED,654,2146,#1473,#142
AIMED,617,1921,#1782,#477
AIRED,701,2250,#1102,#65
AISLE,775,2192,#645,#99
ALARM,671,1452,#1317,#1841
ALBUM,397,1568,#2963,#1412
ALDER,695,2258,#1143,#61
ALERT,716,2482,#994,#5
ALIAS,605,1588,#1877,#1345
ALIBI,475,1429,#2713,#1912
ALIEN,772,2160,#665,#129
ALIKE,846,1820,#361,#683
ALIVE,839,1791,#390,#754
ALLAY,707,882,#1049,#2980
ALLEY,808,1555,#499,#1466
ALLOT,637,1680,#1622,#1054
ALLOW,445,1484,#2834,#1716
ALLOY,675,1393,#1274,#2032
ALOES,714,2297,#1006,#43
ALOFT,695,1728,#1143,#909
ALONE,950,2026,#124,#278
ALONG,631,1753,#1674,#837
ALOOF,575,1379,#2123,#2071
ALOUD,616,1736,#1786,#884
ALPHA,366,1438,#3025,#1888
ALTAR,620,1804,#1760,#716
ALTER,721,2477,#952,#6
ALTOS,463,2250,#2769,#65
AMASS,556,923,#2250,#2941
AMAZE,763,1084,#710,#2724
AMBER,559,2049,#2228,#246
AMBLE,650,1807,#1506,#712
AMEND,504,1962,#2560,#395
AMIGO,444,1750,#2838,#846
AMISS,491,1423,#2624,#1934
AMITY,679,1557,#1243,#1452
AMONG,511,1611,#2523,#1277
AMOUR,555,1892,#2263,#531
AMPLE,648,1855,#1526,#601
AMPLY,541,1415,#2359,#1956
AMUSE,743,1809,#822,#708
ANGEL,585,2094,#2021,#200
ANGER,610,2220,#1839,#82
ANGLE,701,1978,#1102,#353
ANGRY,594,1689,#1954,#1025
ANGST,568,1774,#2177,#792
ANIME,780,1890,#627,#535
ANKLE,662,1932,#1384,#458
ANNEX,523,1483,#2454,#1719
ANNOY,624,1335,#1727,#2183
ANNUL,477,1495,#2703,#1679
ANTES,521,2413,#2465,#18
ANTIC,425,2055,#2903,#239
ANVIL,480,1739,#2685,#873
APACE,875,1299,#276,#2286
APART,742,1439,#823,#1883
APING,523,1574,#2454,#1394
APPAL,451,1065,#2815,#2756
APPLE,668,1622,#1334,#1236
APPLY,561,1182,#2215,#2554
APRON,472,2075,#2726,#219
APTLY,605,1652,#1877,#1149
AREAS,600,2083,#1911,#213
ARENA,633,2015,#1649,#289
ARGUE,775,1974,#645,#364
ARISE,990,2128,#72,#160
ARMED,677,2014,#1260,#292
AROMA,615,1550,#1794,#1480
AROSE,998,2164,#60,#125
ARRAY,810,906,#493,#2956
ARROW,548,1508,#2310,#1632
ARSON,552,2199,#2282,#92
ASHEN,455,2253,#2797,#63
ASHES,389,1939,#2987,#436
ASIDE,723,2038,#938,#263
ASKED,454,1969,#2802,#377
ASKEW,374,1906,#3014,#508
ASPEN,485,2167,#2656,#119
ASSAY,545,986,#2325,#2870
ASSES,430,1597,#2882,#1322
ASSET,608,1946,#1857,#417
ASTER,588,2571,#2003,#2
ASTIR,491,2329,#2624,#35
ATLAS,409,1825,#2937,#670
ATOLL,625,1692,#1720,#1014
ATOMS,458,1993,#2786,#330
ATONE,868,2147,#295,#139
ATTAR,538,1442,#2375,#1873
ATTIC,418,1692,#2921,#1014
AUDIO,477,1873,#2703,#566
AUDIT,630,1717,#1685,#944
AUGER,664,2085,#1369,#210
AUGHT,512,1601,#2518,#1305
AUGUR,500,1428,#2582,#1915
AUNTS,472,1970,#2726,#373
AURAS,517,1674,#2486,#1073
AUTOS,442,2116,#2846,#172
AVAIL,637,1219,#1622,#2477
AVERS,401,2343,#2959,#30
AVERT,579,2243,#2076,#71
AVOID,546,1583,#2323,#1362
AVOWS,369,1580,#3023,#1377
AWAIT,739,1183,#844,#2552
AWAKE,798,1084,#537,#2724
AWARD,617,1213,#1782,#2488
AWARE,874,1499,#280,#1666
AWFUL,356,1482,#3041,#1723
AWOKE,741,1620,#827,#1246
AXIOM,444,1547,#2838,#1495
AXLES,456,2055,#2793,#239
AZURE,705,1837,#1069,#641
BABEL,748,1490,#796,#1693
BABES,648,1551,#1526,#1475
BACKS,468,1381,#2747,#2068
BACON,584,1612,#2034,#1271
BADGE,820,1438,#460,#1888
BADLY,773,1193,#659,#2527
BAGGY,703,734,#1088,#3051
BAITS,677,1703,#1260,#984
BAIZE,912,1343,#176,#2163
BAKED,681,1492,#1229,#1690
BAKER,740,1790,#834,#759
BALES,686,1994,#1194,#327
BALLS,579,1329,#2076,#2198
BALMY,728,1182,#895,#2554
BANAL,709,1162,#1035,#2594
BANDS,537,1526,#2379,#1567
BANDY,753,1139,#771,#2632
BANGS,543,1471,#2337,#1763
BANJO,510,1370,#2531,#2097
BANKS,527,1402,#2433,#1989
BANNS,623,1176,#1735,#2568
BARBS,523,1490,#2454,#1693
BARDS,560,1728,#2225,#909
BARED,799,1865,#531,#583
BARGE,889,1726,#232,#915
BARKS,550,1604,#2292,#1295
BARNS,646,1774,#1545,#792
BARON,666,1835,#1347,#645
BASAL,656,1250,#1454,#2418
BASED,723,1751,#938,#844
BASER,782,2049,#614,#246
BASES,657,1569,#1444,#1407
BASIC,561,1626,#2215,#1226
BASIL,660,1681,#1407,#1051
BASIN,626,1641,#1714,#1191
BASIS,560,1327,#2225,#2205
BASSO,587,1344,#2010,#2161
BASTE,857,1862,#326,#588
BATCH,652,1428,#1489,#1915
BATED,756,1796,#754,#735
BATHE,808,1763,#499,#816
BATHS,485,1710,#2656,#964
BATON,623,1766,#1735,#807
BAYOU,471,1588,#2731,#1345
BEACH,787,1591,#583,#1338
BEADS,652,1822,#1489,#678
BEADY,868,1435,#295,#1900
BEAKS,642,1698,#1577,#999
BEAMS,651,1767,#1494,#803
BEANS,738,1868,#848,#574
BEARD,784,1880,#606,#552
BEARS,718,2113,#979,#177
BEAST,908,1811,#184,#704
BEAUX,643,1463,#1571,#1795
BEECH,661,1125,#1396,#2661
BEETS,576,1551,#2112,#1475
BEFIT,668,1538,#1334,#1531
BEGAN,579,1811,#2076,#704
BEGAT,691,1812,#1167,#702
BEGET,792,1119,#561,#2677
BEGIN,583,1584,#2047,#1359
BEGOT,659,1665,#1420,#1108
BEGUN,516,1498,#2494,#1671
BEING,677,1490,#1260,#1693
BELIE,872,1253,#283,#2410
BELLE,862,830,#310,#3011
BELLS,539,1485,#2372,#1710
BELLY,755,1098,#763,#2701
BELOW,499,1692,#2586,#1014
BELTS,523,1975,#2454,#361
BENCH,632,1451,#1661,#1842
BENDS,497,1682,#2596,#1049
BERGS,526,1829,#2436,#657
BERRY,802,1178,#521,#2563
BERTH,651,1850,#1494,#613
BERYL,568,1871,#2177,#570
BESET,795,1332,#546,#2191
BESOM,491,1748,#2624,#853
BEVEL,706,1045,#1062,#2785
BIBLE,785,1230,#602,#2458
BIDED,651,1161,#1494,#2596
BIDES,585,1666,#2021,#1103
BIGHT,548,1208,#2310,#2494
BIGOT,620,1365,#1760,#2109
BILGE,763,1478,#710,#1737
BILLS,500,1185,#2582,#2546
BILLY,716,798,#994,#3023
BINDS,458,1382,#2786,#2065
BIPED,633,1414,#1649,#1963
BIRCH,616,1353,#1786,#2140
BIRDS,481,1584,#2679,#1359
BIRTH,612,1550,#1826,#1480
BISON,511,1577,#2523,#1384
BITCH,573,1284,#2140,#2326
BITES,611,1885,#1833,#544
BLACK,722,1166,#945,#2586
BLADE,940,1573,#134,#1395
BLAME,939,1518,#136,#1588
BLAND,769,1333,#683,#2187
BLANK,754,1214,#767,#2485
BLARE,1006,1864,#52,#584
BLAST,873,1509,#281,#1627
BLAZE,902,1355,#198,#2132
BLEAK,614,1765,#1802,#810
BLEAT,741,2017,#827,#287
BLEED,730,1191,#881,#2529
BLEND,643,1575,#1571,#1390
BLENT,755,1708,#763,#972
BLESS,569,1436,#2171,#1897
BLEST,747,1751,#800,#844
BLIND,704,1175,#1077,#2569
BLINK,689,1056,#1175,#2771
BLISS,630,1036,#1685,#2799
BLOCK,665,1044,#1354,#2787
BLOCS,614,1396,#1802,#2020
BLOND,712,1211,#1019,#2490
BLOOD,666,901,#1347,#2963
BLOOM,607,904,#1862,#2960
BLOTS,610,1593,#1839,#1332
BLOWN,591,1189,#1982,#2536
BLOWS,525,1290,#2446,#2313
BLUER,779,1715,#631,#951
BLUES,654,1650,#1473,#1157
BLUFF,451,752,#2815,#3045
BLUNT,745,1226,#810,#2465
BLURT,725,1471,#921,#1763
BLUSH,640,1140,#1591,#2628
BOARD,819,1550,#464,#1480
BOARS,753,1783,#771,#776
BOAST,943,1481,#132,#1725
BOATS,737,1687,#854,#1028
BODED,725,1131,#921,#2643
BODES,659,1636,#1420,#1206
BOGGY,698,560,#1120,#3086
BOGUS,485,1269,#2656,#2373
BOILS,688,1474,#1180,#1752
BOLES,681,1820,#1229,#683
BOLTS,558,1645,#2236,#1173
BOMBS,434,987,#2869,#2869
BONDS,532,1352,#2410,#2144
BONED,771,1489,#670,#1698
BONES,705,1722,#1069,#929
BONNY,834,615,#407,#3077
BONUS,541,1394,#2359,#2028
BOOBY,809,273,#496,#3103
BOOKS,620,774,#1760,#3037
BOOMS,629,843,#1691,#3002
BOONS,716,944,#994,#2929
BOORS,696,1189,#1136,#2536
BOOST,886,887,#244,#2974
BOOTH,761,864,#729,#2987
BOOTS,680,1093,#1238,#2709
BOOTY,896,706,#214,#3058
BOOZE,915,733,#163,#3052
BORAX,609,1508,#1845,#1632
BORED,794,1691,#551,#1019
BORES,728,1924,#895,#472
BORNE,964,1653,#108,#1146
BOSOM,526,946,#2436,#2925
BOUGH,638,968,#1606,#2890
BOUND,703,1065,#1088,#2756
BOUTS,601,1447,#1905,#1856
BOWED,686,1299,#1194,#2286
BOWEL,720,1471,#960,#1763
BOWER,745,1597,#810,#1322
BOWLS,513,1302,#2510,#2276
BOXED,678,1198,#1253,#2518
BOXER,737,1496,#854,#1675
BOXES,612,1431,#1826,#1908
BRACE,1050,1666,#18,#1103
BRAGS,679,1560,#1243,#1445
BRAID,815,1510,#477,#1622
BRAIN,815,1642,#477,#1185
BRAKE,986,1544,#74,#1509
BRAND,825,1428,#439,#1915
BRASS,751,1289,#783,#2315
BRATS,723,1810,#938,#707
BRAVE,979,1515,#83,#1604
BRAVO,681,1518,#1229,#1588
BRAWL,738,1446,#848,#1860
BRAWN,704,1406,#1077,#1982
BREAD,685,1979,#1204,#351
BREAK,670,1860,#1325,#592
BREED,786,1286,#593,#2320
BRIAR,805,1267,#515,#2381
BRIBE,894,1272,#220,#2367
BRICK,713,1103,#1016,#2694
BRIDE,931,1510,#141,#1622
BRIEF,775,1543,#645,#1513
BRIER,906,1282,#191,#2336
BRIGS,614,1402,#1802,#1989
BRIMS,607,1402,#1862,#1989
BRINE,1017,1556,#40,#1460
BRING,698,1283,#1120,#2332
BRINK,745,1151,#810,#2611
BRINY,910,1116,#178,#2681
BRISK,737,1194,#854,#2525
BROAD,754,1615,#767,#1260
BROIL,792,1560,#561,#1445
BROKE,929,1422,#145,#1937
BROOD,722,996,#945,#2856
BROOK,707,877,#1049,#2981
BROOM,663,999,#1377,#2851
BROTH,747,1459,#800,#1819
BROWN,647,1284,#1538,#2326
BROWS,581,1385,#2065,#2059
BRUIN,679,1402,#1243,#1989
BRUNT,801,1321,#524,#2218
BRUSH,696,1235,#1136,#2443
BRUTE,910,1623,#178,#1234
BUCKS,372,1101,#3020,#2698
BUDGE,724,1158,#932,#2600
BUGGY,607,454,#1862,#3098
BUGLE,774,1314,#653,#2239
BUILD,663,1135,#1377,#2639
BUILT,775,1268,#645,#2378
BULBS,380,1106,#3002,#2690
BULGE,746,1342,#803,#2166
BULKS,407,1220,#2943,#2475
BULKY,623,833,#1735,#3008
BULLS,483,1049,#2672,#2780
BULLY,699,662,#1114,#3068
BUMPS,359,1103,#3036,#2694
BUNCH,576,1015,#2112,#2828
BUNKS,431,1122,#2878,#2669
BUOYS,487,1312,#2646,#2247
BURLY,746,1201,#803,#2513
BURNS,550,1494,#2292,#1683
BURNT,728,1394,#895,#2028
BURRO,555,1185,#2263,#2546
BURRS,530,1129,#2421,#2645
BURST,720,1437,#960,#1894
BUSHY,572,998,#2149,#2852
BUSTS,438,1114,#2856,#2683
BUTTE,794,1144,#551,#2620
BUTTS,471,1091,#2731,#2714
BUXOM,395,933,#2971,#2934
BUYER,657,1627,#1444,#1222
CABAL,665,1126,#1354,#2655
CABBY,672,865,#1306,#2986
CABIN,635,1517,#1640,#1597
CABLE,882,1683,#257,#1045
CACAO,593,1059,#1961,#2766
CACHE,787,1410,#583,#1974
CADET,860,1827,#318,#665
CADRE,898,1901,#208,#518
CAGED,738,1655,#848,#1138
CAGES,672,1888,#1306,#538
CAIRN,777,1815,#636,#695
CAKED,699,1609,#1114,#1281
CAKES,633,1842,#1649,#632
CALLS,597,1446,#1931,#1860
CALMS,530,1686,#2421,#1031
CALYX,461,1388,#2778,#2048
CAMEL,767,1825,#693,#670
CAMEO,692,1942,#1159,#428
CAMPS,473,1500,#2721,#1663
CANAL,727,1279,#910,#2347
CANDY,771,1256,#670,#2402
CANES,728,2013,#895,#294
CANNY,857,906,#326,#2956
CANOE,918,1904,#161,#510
CANON,661,1354,#1396,#2136
CANTO,630,1894,#1685,#527
CAPER,789,1973,#574,#365
CAPES,664,1908,#1369,#503
CAPON,597,1645,#1931,#1173
CARDS,578,1845,#2090,#627
CARED,817,1982,#467,#345
CARES,751,2215,#783,#87
CARGO,609,1846,#1845,#624
CAROL,718,1992,#979,#332
CARRY,860,1139,#318,#2632
CARTS,628,2040,#1700,#259
CARVE,884,1745,#248,#856
CASED,741,1868,#827,#574
CASES,675,1686,#1274,#1031
CASKS,492,1192,#2618,#2528
CASTE,875,1979,#276,#351
CASTS,552,1511,#2282,#1619
CATCH,670,1229,#1325,#2461
CATER,833,2211,#415,#90
CAUSE,975,1685,#90,#1036
CAVED,730,1542,#881,#1519
CAVES,664,1775,#1369,#788
CAVIL,667,1472,#1340,#1759
CEASE,1071,1373,#7,#2088
CEDAR,666,2133,#1347,#152
CEDED,708,870,#1042,#2983
CELLS,557,1602,#2243,#1301
CENTS,565,1994,#2197,#327
CHAFE,905,1433,#193,#1904
CHAFF,576,951,#2112,#2914
CHAIN,748,1506,#796,#1641
CHAIR,807,1672,#503,#1081
CHALK,723,1267,#938,#2381
CHAMP,622,1203,#1746,#2502
CHANT,870,1425,#289,#1928
CHAOS,646,1687,#1545,#1028
CHAPS,585,1463,#2021,#1795
CHARM,679,1540,#1243,#1525
CHART,850,1670,#346,#1089
CHARY,888,1383,#236,#2061
CHASE,1007,1621,#50,#1240
CHASM,691,1338,#1167,#2175
CHATS,656,1674,#1454,#1073
CHEAP,569,1855,#2171,#601
CHEAT,730,1976,#881,#359
CHECK,585,1051,#2021,#2779
CHEEK,704,1031,#1077,#2809
CHEER,778,1448,#634,#1853
CHEFS,456,1622,#2793,#1236
CHESS,558,1395,#2236,#2023
CHEST,736,1710,#862,#964
CHICK,646,651,#1545,#3069
CHIDE,864,1374,#304,#2083
CHIEF,708,1407,#1042,#1979
CHILD,673,1228,#1288,#2462
CHILL,707,965,#1049,#2895
CHIME,863,1319,#308,#2221
CHINA,646,1608,#1545,#1282
CHINK,678,1015,#1253,#2828
CHINS,627,1367,#1706,#2104
CHIPS,520,1305,#2469,#2269
CHIRP,624,1391,#1727,#2038
CHOIR,750,1550,#785,#1480
CHOKE,862,1286,#310,#2320
CHOPS,528,1341,#2430,#2169
CHORD,681,1415,#1229,#1956
CHOSE,950,1499,#124,#1666
CHUCK,575,569,#2123,#3085
CHUMP,486,963,#2651,#2898
CHUMS,469,1184,#2740,#2550
CHUNK,607,933,#1862,#2934
CHURL,636,1469,#1631,#1773
CHURN,602,1429,#1896,#1912
CHUTE,843,1487,#372,#1702
CIDER,728,1848,#895,#621
CIGAR,617,1794,#1782,#741
CINCH,611,952,#1833,#2913
CIRCA,572,1624,#2149,#1230
CITED,695,1769,#1143,#799
CITES,629,2002,#1691,#313
CIVET,763,1531,#710,#1552
CIVIC,489,483,#2635,#3095
CIVIL,588,854,#2003,#2996
CLACK,740,967,#834,#2892
CLAIM,718,1535,#979,#1538
CLAMP,651,1361,#1494,#2120
CLAMS,634,1582,#1644,#1368
CLANG,725,1463,#921,#1795
CLANK,772,1331,#665,#2193
CLANS,721,1683,#952,#1045
CLAPS,614,1621,#1802,#1240
CLASH,794,1497,#551,#1672
CLASP,730,1505,#881,#1650
CLASS,713,1311,#1016,#2254
CLAWS,600,1529,#1911,#1558
CLEAN,647,2133,#1538,#152
CLEAR,706,2299,#1062,#42
CLEFS,485,1780,#2656,#782
CLEFT,663,1680,#1377,#1054
CLERK,626,1818,#1714,#687
CLEWS,474,1771,#2717,#797
CLICK,675,809,#1274,#3017
CLIFF,540,951,#2365,#2914
CLIMB,553,1190,#2277,#2535
CLIME,892,1477,#228,#1742
CLING,660,1305,#1407,#2269
CLINK,707,1173,#1049,#2574
CLIPS,549,1463,#2307,#1795
CLOAK,701,1518,#1102,#1588
CLOCK,683,845,#1214,#3001
CLODS,578,1515,#2090,#1604
CLOGS,584,1460,#2034,#1813
CLOSE,979,1657,#83,#1131
CLOTH,709,1481,#1035,#1725
CLOUD,653,1324,#1480,#2212
CLOUT,765,1457,#701,#1825
CLOVE,884,1415,#248,#1956
CLOWN,609,1306,#1845,#2267
CLUBS,462,1351,#2774,#2148
CLUCK,604,727,#1880,#3056
CLUES,672,1767,#1306,#803
CLUMP,515,1121,#2499,#2671
CLUNG,589,1223,#2000,#2470
COACH,840,1062,#384,#2760
COALS,771,1749,#670,#850
COAST,961,1598,#113,#1318
COATS,755,1804,#763,#716
COBRA,573,1848,#2140,#621
COCKS,481,1008,#2679,#2838
COCOA,550,1109,#2292,#2686
CODES,677,1753,#1260,#837
COILS,706,1591,#1062,#1338
COINS,726,1497,#917,#1672
COLDS,526,1567,#2436,#1416
COLIC,603,1263,#1889,#2389
COLON,632,1202,#1661,#2509
COLTS,576,1762,#2112,#817
COMBS,452,1296,#2809,#2299
COMER,787,1777,#583,#784
COMES,662,1712,#1384,#958
COMET,840,1612,#384,#1271
COMIC,566,1038,#2188,#2797
COMMA,507,1312,#2544,#2247
CONCH,685,922,#1204,#2942
CONES,723,1839,#938,#637
CONIC,627,1165,#1706,#2588
COOED,887,1152,#241,#2609
COOKS,638,891,#1606,#2969
COOLS,714,1155,#1006,#2606
COPRA,571,1896,#2162,#525
COPSE,887,1506,#241,#1641
CORAL,745,1965,#810,#388
CORDS,573,1671,#2140,#1086
CORES,746,2041,#803,#257
CORKS,563,1547,#2203,#1495
CORNS,659,1717,#1420,#944
CORPS,552,1655,#2282,#1138
COSTS,547,1337,#2315,#2177
COTES,703,1972,#1088,#370
COUCH,704,822,#1077,#3013
COUGH,656,1085,#1454,#2723
COULD,701,1276,#1102,#2355
COUNT,833,1315,#415,#2236
COUPE,871,1406,#285,#1982
COUPS,548,1353,#2310,#2140
COURT,813,1560,#484,#1445
COVER,784,1666,#606,#1103
COVES,659,1601,#1420,#1305
COVET,837,1501,#398,#1661
COVEY,875,1214,#276,#2485
COWED,704,1416,#1077,#1952
COWER,763,1714,#710,#954
COYLY,750,890,#785,#2970
COZEN,696,1443,#1136,#1868
CRABS,654,1686,#1473,#1031
CRACK,796,1062,#544,#2760
CRAFT,845,1533,#366,#1545
CRAGS,697,1677,#1126,#1064
CRAMP,707,1456,#1049,#1828
CRANE,1100,1831,#4,#653
CRANK,828,1426,#429,#1925
CRAPE,993,1769,#70,#799
CRASH,850,1592,#346,#1333
CRASS,769,1406,#683,#1982
CRATE,1064,1980,#12,#347
CRAVE,997,1632,#62,#1209
CRAWL,756,1563,#754,#1431
CRAZE,976,1567,#87,#1416
CRAZY,869,1127,#292,#2653
CREAK,688,1977,#1180,#357
CREAM,644,2099,#1560,#193
CREDO,590,2030,#1991,#273
CREED,804,1403,#516,#1986
CREEK,789,1284,#574,#2326
CREEP,755,1415,#763,#1956
CREPE,867,1303,#299,#2273
CREPT,722,1858,#945,#598
CRESS,643,1648,#1571,#1162
CREST,821,1963,#452,#393
CREWS,530,1866,#2421,#581
CRIBS,589,1528,#2000,#1560
CRICK,731,904,#876,#2960
CRIED,865,1711,#302,#963
CRIER,924,1399,#152,#2006
CRIES,799,1944,#531,#426
CRIME,948,1572,#127,#1400
CRIMP,642,1298,#1577,#2290
CRISP,721,1442,#952,#1873
CROAK,757,1613,#746,#1265
CROCK,739,940,#844,#2930
CRONE,1043,1709,#22,#970
CRONY,936,1269,#139,#2373
CROOK,725,994,#921,#2859
CROPS,613,1594,#1813,#1330
CROSS,712,1284,#1019,#2326
CROUP,660,1431,#1407,#1908
CROWD,665,1269,#1354,#2373
CROWN,665,1401,#1354,#1995
CROWS,599,1502,#1919,#1658
CRUDE,878,1545,#266,#1506
CRUEL,828,1801,#429,#721
CRUMB,538,1203,#2375,#2502
CRUSH,714,1352,#1006,#2144
CRUST,811,1481,#491,#1725
CRYPT,611,1422,#1833,#1937
CUBES,570,1580,#2166,#1377
CUBIC,474,906,#2717,#2956
CUBIT,651,1238,#1494,#2438
CUFFS,352,947,#3044,#2923
CULTS,485,1656,#2656,#1135
CURDS,482,1565,#2677,#1424
CURED,721,1702,#952,#987
CURES,655,1935,#1467,#451
CURLS,548,1705,#2310,#979
CURLY,764,1318,#706,#2224
CURRY,764,859,#706,#2993
CURSE,883,1707,#254,#975
CURST,738,1554,#848,#1469
CURVE,788,1465,#581,#1788
CYCLE,673,1280,#1288,#2341
CYNIC,420,1120,#2917,#2674
DADDY,654,634,#1473,#3073
DAILY,856,1397,#330,#2010
DAIRY,856,1548,#330,#1491
DAISY,868,1346,#295,#2158
DALES,633,2130,#1649,#158
DALLY,742,1078,#823,#2739
DAMES,596,1905,#1942,#509
DAMPS,402,1519,#2956,#1584
DANCE,861,1713,#316,#956
DANDY,700,1003,#1109,#2843
DARED,746,1729,#803,#907
DARES,680,2234,#1238,#73
DARTS,557,2059,#2243,#233
DATED,703,1660,#1088,#1123
DATES,637,2165,#1622,#122
DATUM,480,1607,#2685,#1288
DAUBS,466,1516,#2758,#1601
DAUNT,767,1508,#693,#1632
DAWNS,485,1518,#2656,#1588
DAZED,630,1232,#1685,#2452
DEALS,665,2098,#1354,#195
DEALT,843,1998,#372,#320
DEANS,685,2004,#1204,#309
DEARS,665,2249,#1354,#67
DEATH,730,1924,#881,#472
DEBAR,579,2085,#2076,#210
DEBIT,636,1693,#1631,#1012
DEBTS,432,1860,#2875,#592
DEBUT,569,1607,#2171,#1288
DECAY,673,1765,#1288,#810
DECKS,375,1673,#3013,#1077
DECOY,641,1618,#1583,#1254
DECRY,667,1701,#1340,#990
DEEDS,473,1220,#2721,#2475
DEEMS,472,1437,#2726,#1894
DEEPS,452,1476,#2809,#1745
DEFER,659,1373,#1420,#2088
DEIGN,606,1644,#1872,#1179
DEITY,800,1608,#527,#1282
DELAY,708,1884,#1042,#545
DELLS,486,1621,#2651,#1240
DELTA,489,2352,#2635,#27
DELVE,726,1108,#917,#2687
DEMON,489,1798,#2635,#728
DEMUR,517,1798,#2486,#728
DENSE,845,1252,#366,#2412
DENTS,494,2013,#2610,#294
DEPOT,598,1821,#1926,#679
DEPTH,511,1679,#2523,#1060
DERBY,646,1587,#1545,#1350
DESKS,381,1367,#3000,#2104
DETER,722,1678,#945,#1061
DEUCE,840,1061,#384,#2763
DEVIL,556,1647,#2250,#1166
DIARY,842,1562,#379,#1437
DICED,585,1362,#2021,#2114
DICES,519,1867,#2473,#577
DICTA,415,1933,#2927,#455
DIETS,484,2095,#2668,#198
DIGIT,603,947,#1889,#2923
DIKES,483,1717,#2672,#944
DIMES,517,1761,#2486,#818
DIMLY,626,1144,#1714,#2620
DINED,644,1383,#1560,#2061
DINER,703,1953,#1088,#405
DINES,578,1888,#2090,#538
DINGY,627,1076,#1706,#2740
DIRGE,757,1718,#746,#942
DIRTY,694,1528,#1150,#1560
DISCS,406,1189,#2945,#2536
DISKS,342,1067,#3053,#2751
DITCH,520,1420,#2469,#1943
DITTO,460,1419,#2782,#1947
DITTY,651,976,#1494,#2881
DIVAN,479,1534,#2692,#1540
DIVED,580,1145,#2070,#2619
DIVER,639,1715,#1597,#951
DIVES,514,1650,#2501,#1157
DIZZY,490,595,#2631,#3080
DOCKS,410,1343,#2935,#2163
DODGE,762,1128,#723,#2649
DOERS,574,2161,#2130,#127
DOGMA,441,1549,#2849,#1489
DOING,659,1296,#1420,#2299
DOLED,694,1451,#1150,#1842
DOLLS,521,1291,#2465,#2310
DOMED,657,1226,#1444,#2465
DOMES,591,1731,#1982,#899
DONOR,644,1289,#1560,#2315
DOOMS,576,979,#2112,#2874
DOORS,643,1325,#1571,#2209
DOSED,665,1441,#1354,#1878
DOSES,599,1531,#1919,#1552
DOTED,698,1486,#1120,#1706
DOTES,632,1991,#1661,#333
DOUBT,639,1242,#1597,#2427
DOUGH,585,1104,#2021,#2692
DOVES,588,1620,#2003,#1246
DOWDY,610,639,#1839,#3072
DOWNS,480,1344,#2685,#2161
DOWNY,696,957,#1136,#2910
DOWRY,676,1202,#1268,#2509
DOZED,625,1058,#1720,#2768
DOZEN,625,1462,#1720,#1802
DRAFT,774,1552,#653,#1472
DRAGS,626,1696,#1714,#1002
DRAIN,762,1778,#723,#783
DRAKE,933,1680,#140,#1054
DRAMA,638,1279,#1606,#2347
DRAMS,619,1696,#1769,#1002
DRANK,757,1445,#746,#1863
DRAPE,922,1788,#154,#762
DRAWL,685,1582,#1204,#1368
DRAWN,651,1542,#1494,#1519
DRAWS,585,1643,#2021,#1182
DRAYS,568,1799,#2177,#725
DREAD,632,1843,#1661,#630
DREAM,573,2118,#2140,#170
DREGS,500,1938,#2582,#440
DRESS,572,1667,#2149,#1100
DRIED,794,1458,#551,#1822
DRIER,853,1418,#337,#1949
DRIES,728,1963,#895,#393
DRIFT,709,1394,#1035,#2028
DRILL,721,1237,#952,#2441
DRILY,837,1346,#398,#2158
DRINK,692,1287,#1159,#2319
DRIPS,534,1577,#2396,#1384
DRIVE,861,1493,#316,#1687
DROLL,729,1273,#890,#2364
DRONE,972,1728,#92,#909
DROOP,620,1144,#1760,#2620
DROPS,542,1613,#2346,#1265
DROSS,641,1303,#1583,#2273
DROVE,869,1529,#292,#1558
DROWN,594,1420,#1954,#1943
DRUGS,490,1456,#2631,#1828
DRUMS,483,1456,#2672,#1828
DRUNK,621,1205,#1752,#2497
DRYLY,665,1032,#1354,#2807
DUCAL,501,1655,#2577,#1138
DUCAT,579,1616,#2076,#1259
DUCHY,513,1025,#2510,#2817
DUCKS,319,1237,#3069,#2441
DUCTS,379,1556,#3004,#1460
DUELS,483,1904,#2672,#510
DUETS,467,1959,#2754,#398
DUKES,466,1581,#2758,#1372
DULLY,646,798,#1545,#3023
DUMMY,542,597,#2346,#3079
DUMPS,306,1239,#3081,#2435
DUMPY,522,852,#2462,#2999
DUNCE,765,1433,#701,#1904
DUNES,561,1752,#2215,#840
DUNNO,499,1088,#2586,#2720
DUPED,563,1142,#2203,#2625
DUPES,497,1647,#2596,#1166
DUSKY,541,959,#2359,#2906
DUSTY,601,1278,#1905,#2351
DWARF,511,1427,#2523,#1921
DWELL,491,1306,#2624,#2267
DWELT,569,1702,#2171,#987
DYING,452,1251,#2809,#2415
DYKES,350,1642,#3049,#1185
EAGER,704,1829,#1077,#657
EAGLE,795,1587,#546,#1350
EARLS,551,2569,#2289,#3
EARLY,767,2182,#693,#106
EARNS,571,2475,#2162,#7
EARTH,616,2395,#1786,#20
EASED,648,1744,#1526,#860
EASEL,682,1916,#1222,#488
EASES,582,1562,#2057,#1437
EATEN,681,1921,#1229,#477
EATER,740,2087,#834,#207
EAVES,571,1651,#2162,#1154
EBBED,427,1013,#2897,#2833
EBONY,650,1606,#1506,#1291
EDGED,438,1039,#2856,#2794
EDGES,372,1544,#3020,#1509
EDICT,577,1887,#2105,#540
EDIFY,537,1503,#2379,#1656
EERIE,844,1232,#370,#2452
EGGED,433,1042,#2871,#2789
EIGHT,473,1909,#2721,#502
EJECT,502,1329,#2573,#2198
ELATE,915,1761,#163,#818
ELBOW,351,1840,#3046,#634
ELDER,639,1722,#1597,#929
ELECT,648,1653,#1526,#1146
ELEGY,638,1313,#1606,#2243
ELFIN,446,1936,#2830,#446
ELITE,850,1603,#346,#1298
ELOPE,787,1428,#583,#1915
ELUDE,729,1326,#890,#2208
ELVES,496,1505,#2603,#1650
EMAIL,598,2146,#1926,#142
EMITS,407,2116,#2943,#172
EMPTY,469,1642,#2740,#1185
ENACT,699,2120,#1114,#166
ENDED,505,1153,#2552,#2608
ENDOW,292,1908,#3089,#503
ENEMY,556,1314,#2250,#2239
ENJOY,467,1608,#2754,#1282
ENNUI,300,1786,#3087,#767
ENROL,475,2431,#2713,#13
ENSUE,591,1557,#1982,#1452
ENTER,590,1942,#1991,#428
ENTRY,574,2119,#2130,#168
ENVOY,504,1665,#2560,#1108
EPICS,431,1918,#2878,#486
EPOCH,520,1725,#2469,#918
EQUAL,436,1952,#2862,#406
EQUIP,357,1565,#3040,#1424
ERASE,999,1750,#56,#846
ERECT,704,1748,#1077,#853
ERRED,705,1197,#1069,#2521
ERROR,631,1401,#1674,#1995
ESSAY,489,1816,#2635,#691
ETHER,509,1910,#2534,#499
ETHIC,288,2195,#3091,#95
EVADE,728,1327,#895,#2205
EVENT,543,1462,#2337,#1802
EVERY,561,1420,#2215,#1943
EVILS,406,1964,#2945,#392
EVOKE,661,1081,#1396,#2734
EXACT,638,1797,#1606,#732
EXALT,650,1939,#1506,#436
EXCEL,465,1339,#2764,#2172
EXERT,524,1624,#2451,#1230
EXILE,730,1226,#881,#2465
EXIST,597,1730,#1931,#904
EXITS,391,1936,#2983,#446
EXPEL,460,1255,#2782,#2405
EXTOL,371,2039,#3022,#260
EXTRA,316,2424,#3070,#16
EXULT,514,1699,#2501,#996
EYING,430,1816,#2882,#691
EYRIE,672,1683,#1306,#1045
FABLE,835,1555,#404,#1466
FACED,688,1631,#1180,#1212
FACES,622,1864,#1746,#584
FACTS,499,1689,#2586,#1025
FADED,701,1294,#1102,#2304
FADES,635,1799,#1640,#725
FAILS,664,1637,#1369,#1201
FAINT,862,1443,#310,#1868
FAIRS,664,1788,#1369,#762
FAIRY,880,1401,#262,#1995
FAITH,729,1463,#890,#1795
FAKIR,614,1537,#1802,#1534
FALLS,550,1318,#2292,#2224
FALSE,885,1755,#246,#829
FAMED,686,1525,#1194,#1569
FANCY,778,1126,#634,#2655
FANGS,514,1460,#2501,#1813
FARCE,908,1768,#184,#801
FARED,770,1854,#679,#606
FARES,704,2087,#1077,#207
FARMS,530,1662,#2421,#1118
FASTS,505,1383,#2552,#2061
FATAL,660,1284,#1407,#2326
FATED,727,1785,#910,#771
FATES,661,2018,#1396,#286
FATTY,754,973,#767,#2884
FAULT,771,1455,#670,#1835
FAUNA,632,1044,#1661,#2787
FAUNS,613,1461,#1813,#1810
FAWNS,509,1371,#2534,#2090
FEARS,689,2102,#1175,#186
FEAST,879,1800,#264,#724
FEATS,673,2006,#1288,#307
FEEDS,497,1345,#2596,#2160
FEELS,563,1485,#2203,#1710
FEIGN,630,1497,#1685,#1672
FEINT,822,1599,#446,#1312
FELLS,510,1474,#2531,#1752
FELON,550,1876,#2292,#557
FENCE,845,1014,#366,#2831
FERAL,663,2167,#1377,#119
FERNS,577,1919,#2105,#483
FERRY,773,1167,#659,#2584
FETCH,583,1573,#2047,#1395
FETED,687,1233,#1187,#2450
FETID,590,1699,#1991,#996
FETUS,457,1846,#2788,#624
FEUDS,487,1571,#2646,#1401
FEVER,702,1160,#1098,#2598
FEWER,681,1208,#1229,#2494
FICHE,661,1454,#1396,#1836
FIEFS,434,1509,#2869,#1627
FIELD,590,1660,#1991,#1123
FIEND,610,1566,#1839,#1421
FIERY,740,1657,#834,#1131
FIFES,519,1424,#2473,#1930
FIFTH,477,1020,#2703,#2822
FIFTY,612,862,#1826,#2989
FIGHT,519,1197,#2473,#2521
FILCH,540,1238,#2365,#2438
FILED,644,1606,#1560,#1291
FILES,578,1839,#2090,#637
FILET,756,1739,#754,#873
FILLS,471,1174,#2731,#2570
FILLY,687,787,#1187,#3031
FILMS,404,1414,#2950,#1963
FILMY,620,1027,#1760,#2814
FILTH,536,1435,#2384,#1900
FINAL,601,1665,#1905,#1108
FINCH,564,1140,#2199,#2628
FINDS,429,1371,#2887,#2090
FINED,668,1508,#1334,#1632
FINER,727,1806,#910,#713
FINES,602,1741,#1896,#868
FINIS,505,1025,#2552,#2817
FINNY,731,634,#876,#3073
FIORD,659,1447,#1420,#1856
FIRED,691,1710,#1167,#964
FIRES,625,1943,#1720,#427
FIRMS,451,1518,#2815,#1588
FIRST,708,1562,#1042,#1437
FISHY,560,1123,#2225,#2663
FISTS,426,1239,#2899,#2435
FITLY,691,1257,#1167,#2399
FIVES,538,1503,#2375,#1656
FIXED,575,1217,#2123,#2480
FIXER,634,1515,#1644,#1604
FIXES,509,1450,#2534,#1848
FJORD,517,1121,#2486,#2671
FLAGS,594,1454,#1954,#1836
FLAIL,764,1141,#706,#2627
FLAIR,789,1702,#574,#987
FLAKE,901,1438,#201,#1888
FLAKY,794,998,#551,#2852
FLAME,910,1507,#178,#1639
FLANK,725,1203,#921,#2502
FLAPS,567,1493,#2184,#1687
FLARE,977,1853,#85,#608
FLASH,747,1369,#800,#2101
FLASK,717,1246,#989,#2420
FLATS,638,1704,#1606,#982
FLAWS,553,1401,#2277,#1995
FLEAS,534,2106,#2396,#183
FLECK,567,1397,#2184,#2010
FLEES,635,1413,#1640,#1968
FLEET,813,1313,#484,#2243
FLESH,621,1611,#1752,#1277
FLICK,628,997,#1700,#2854
FLIER,821,1786,#452,#767
FLIES,696,1721,#1136,#933
FLING,613,1177,#1813,#2565
FLINT,787,1297,#583,#2294
FLIRT,767,1542,#693,#1519
FLITS,573,1546,#2140,#1502
FLOAT,781,1642,#621,#1185
FLOCK,636,1033,#1631,#2805
FLOES,704,1757,#1077,#824
FLOOD,637,890,#1622,#2970
FLOOR,696,1188,#1136,#2539
FLORA,616,1919,#1786,#483
FLOSS,609,1061,#1845,#2763
FLOUR,665,1494,#1354,#1683
FLOUT,718,1329,#979,#2198
FLOWN,562,1178,#2210,#2563
FLOWS,496,1279,#2603,#2347
FLUES,625,1639,#1720,#1196
FLUFF,422,581,#2911,#3082
FLUID,594,1164,#1954,#2591
FLUKE,765,1198,#701,#2518
FLUME,774,1267,#653,#2381
FLUNG,542,1095,#2346,#2705
FLUSH,611,1129,#1833,#2645
FLUTE,825,1517,#439,#1597
FLYER,649,1750,#1518,#846
FOAMS,657,1426,#1444,#1925
FOAMY,873,1039,#281,#2794
FOCAL,616,1614,#1786,#1262
FOCUS,453,1362,#2806,#2114
FOGGY,669,549,#1333,#3088
FOILS,659,1463,#1420,#1795
FOIST,849,1312,#354,#2247
FOLDS,479,1439,#2692,#1883
FOLIO,580,1151,#2070,#2611
FOLKS,469,1315,#2740,#2236
FOLLY,761,757,#729,#3042
FOODS,601,887,#1905,#2974
FOOLS,667,1027,#1340,#2814
FORAY,814,1511,#480,#1619
FORCE,903,1594,#194,#1330
FORDS,526,1543,#2436,#1513
FORGE,855,1541,#332,#1522
FORGO,557,1072,#2243,#2745
FORKS,516,1419,#2494,#1947
FORMS,525,1488,#2446,#1700
FORTE,899,1791,#205,#754
FORTH,657,1509,#1444,#1627
FORTS,576,1738,#2112,#878
FORTY,792,1351,#561,#2148
FORUM,542,1355,#2346,#2132
FOUND,674,1054,#1280,#2774
FOUNT,786,1187,#593,#2541
FOURS,588,1532,#2003,#1550
FOWLS,484,1291,#2668,#2310
FOXES,583,1420,#2047,#1943
FOYER,719,1722,#969,#929
FRAIL,820,1671,#460,#1086
FRAME,966,1602,#106,#1301
FRANC,731,1534,#876,#1540
FRANK,781,1298,#621,#2290
FRAUD,719,1413,#969,#1968
FREAK,641,1849,#1583,#617
FREED,757,1275,#746,#2359
FREER,816,963,#473,#2898
FREES,691,1508,#1167,#1632
FRESH,677,1706,#1260,#977
FRETS,568,2041,#2177,#257
FRIAR,776,1256,#639,#2402
FRIED,818,1583,#466,#1362
FRILL,745,1090,#810,#2716
FRISK,708,1183,#1042,#2552
FROCK,692,1128,#1159,#2649
FROGS,593,1427,#1961,#1921
FROND,739,1295,#844,#2302
FRONT,851,1428,#342,#1915
FROST,843,1471,#372,#1763
FROTH,718,1448,#979,#1853
FROWN,618,1273,#1775,#2364
FROZE,872,1317,#283,#2227
FRUIT,762,1392,#723,#2036
FUDGE,695,1147,#1143,#2616
FUELS,507,1757,#2544,#824
FUGUE,688,876,#1180,#2982
FULLY,670,651,#1325,#3069
FUMED,590,1245,#1991,#2424
FUMES,524,1478,#2451,#1737
FUNDS,412,1235,#2933,#2443
FUNGI,397,1238,#2963,#2438
FUNNY,714,498,#1006,#3094
FURRY,717,731,#989,#3053
FURZE,720,1272,#960,#2367
FUSED,598,1460,#1926,#1813
FUSES,532,1278,#2410,#2351
FUSSY,653,610,#1480,#3078
FUZZY,497,312,#2596,#3101
GABLE,830,1634,#423,#1208
GAILY,875,1329,#276,#2198
GAINS,679,1622,#1243,#1236
GALES,652,2062,#1489,#229
GALLS,545,1397,#2325,#2010
GAMES,615,1837,#1794,#641
GAMIN,584,1494,#2034,#1683
GAMMA,460,779,#2782,#3034
GAMUT,629,1409,#1691,#1976
GANGS,509,1314,#2534,#2239
GAPED,678,1626,#1253,#1226
GAPES,612,1859,#1826,#597
GASES,623,1637,#1735,#1201
GASPS,429,1251,#2887,#2415
GATES,656,2097,#1454,#196
GAUDY,738,1107,#848,#2689
GAUGE,851,1267,#342,#2381
GAUNT,786,1440,#593,#1880
GAUZE,807,1329,#503,#2198
GAUZY,700,889,#1109,#2972
GAVEL,712,1665,#1019,#1108
GAWKY,624,893,#1727,#2967
GAYER,719,1975,#969,#361
GAYLY,703,1015,#1088,#2828
GAZED,649,1436,#1518,#1897
GAZER,708,1734,#1042,#893
GAZES,583,1669,#2047,#1093
GEARS,684,2181,#1210,#107
GEESE,893,740,#223,#3049
GENIE,862,1223,#310,#2470
GENII,518,1462,#2482,#1802
GENRE,852,1386,#341,#2052
GENTS,513,1945,#2510,#422
GENUS,472,1792,#2726,#751
GERMS,485,1897,#2656,#522
GHOST,753,1297,#771,#2294
GIANT,843,1536,#372,#1536
GIBES,535,1667,#2388,#1100
GIDDY,594,705,#1954,#3059
GIFTS,391,1473,#2983,#1755
GILDS,400,1548,#2962,#1491
GILLS,466,1253,#2758,#2410
GIMME,685,1105,#1204,#2691
GIPSY,654,1047,#1473,#2782
GIRDS,447,1652,#2828,#1149
GIRLS,513,1792,#2510,#751
GIRTH,578,1618,#2090,#1254
GIVEN,599,1481,#1919,#1725
GIVES,533,1582,#2406,#1368
GLADE,906,1641,#191,#1191
GLAND,735,1401,#867,#1995
GLARE,972,1932,#92,#458
GLASS,661,1262,#1396,#2392
GLAZE,868,1423,#295,#1934
GLEAM,536,1955,#2384,#404
GLEAN,595,2084,#1949,#212
GLENS,543,1876,#2337,#557
GLIDE,841,1483,#382,#1719
GLINT,782,1376,#614,#2081
GLOAT,776,1721,#639,#933
GLOBE,812,1473,#486,#1755
GLOOM,573,972,#2140,#2886
GLORY,808,1370,#499,#2097
GLOSS,604,1140,#1880,#2628
GLOVE,832,1366,#420,#2107
GLOWS,491,1358,#2624,#2125
GLUED,686,1485,#1194,#1710
GNASH,667,1449,#1340,#1850
GNATS,558,1784,#2236,#773
GNAWS,473,1481,#2721,#1725
GNOME,773,1465,#659,#1788
GOADS,653,1560,#1480,#1445
GOALS,719,1700,#969,#995
GOATS,703,1755,#1088,#829
GODLY,734,1087,#869,#2721
GOING,678,1003,#1253,#2843
GOLLY,756,836,#754,#3006
GONGS,504,1140,#2560,#2628
GONNA,603,1311,#1889,#2254
GOODS,596,966,#1942,#2893
GOODY,812,579,#486,#3083
GOOSE,997,1108,#62,#2687
GORED,760,1759,#735,#822
GORGE,850,1395,#346,#2023
GORSE,922,1764,#154,#813
GOTTA,547,1506,#2315,#1641
GOUGE,846,1093,#361,#2709
GOURD,649,1378,#1518,#2076
GOUTY,783,1128,#609,#2649
GOWNS,499,1276,#2586,#2355
GRABS,602,1637,#1896,#1201
GRACE,1016,1734,#42,#893
GRADE,962,1736,#112,#884
GRAFT,793,1484,#558,#1716
GRAIN,781,1710,#621,#964
GRAMS,638,1628,#1606,#1220
GRAND,791,1496,#565,#1675
GRANT,903,1629,#194,#1217
GRAPE,941,1720,#133,#937
GRAPH,699,1438,#1114,#1888
GRASP,734,1551,#869,#1475
GRASS,717,1357,#989,#2128
GRATE,1012,1931,#46,#462
GRAVE,945,1583,#130,#1362
GRAVY,838,1143,#393,#2623
GRAZE,924,1518,#152,#1588
GREAT,763,2180,#710,#110
GREED,752,1354,#777,#2136
GREEN,752,1486,#777,#1706
GREET,864,1487,#304,#1702
GREYS,461,1973,#2778,#365
GRIEF,741,1611,#827,#1277
GRILL,740,1169,#834,#2580
GRIME,896,1523,#214,#1572
GRIMY,789,1083,#574,#2729
GRIND,726,1338,#917,#2175
GRINS,660,1571,#1407,#1401
GRIPE,876,1562,#273,#1437
GRIPS,553,1509,#2277,#1627
GRIST,830,1514,#423,#1608
GROAN,720,1815,#960,#695
GROIN,724,1588,#932,#1345
GROOM,629,1067,#1691,#2751
GROPE,884,1598,#248,#1318
GROSS,660,1235,#1407,#2443
GROUP,608,1382,#1857,#2065
GROVE,888,1461,#236,#1810
GROWL,647,1392,#1538,#2036
GROWN,613,1352,#1813,#2144
GROWS,547,1453,#2315,#1840
GRUBS,466,1397,#2758,#2010
GRUEL,776,1752,#639,#840
GRUFF,473,915,#2721,#2947
GRUNT,767,1389,#693,#2044
GUANO,673,1556,#1288,#1460
GUARD,694,1512,#1150,#1617
GUESS,514,1370,#2501,#2097
GUEST,692,1685,#1159,#1036
GUIDE,820,1349,#460,#2152
GUILD,629,1203,#1691,#2502
GUILE,886,1489,#244,#1698
GUILT,741,1336,#827,#2178
GUISE,898,1438,#208,#1888
GULCH,518,1181,#2482,#2557
GULFS,359,1313,#3036,#2243
GULLS,449,1117,#2822,#2680
GULLY,665,730,#1354,#3054
GUMMY,561,529,#2215,#3090
GUSTO,429,1653,#2887,#1146
GUSTS,404,1182,#2950,#2554
GUSTY,620,1210,#1760,#2492
GYPSY,521,694,#2465,#3062
HABIT,654,1578,#1473,#1382
HACKS,393,1558,#2976,#1450
HAILS,618,1825,#1775,#670
HAIRS,618,1976,#1775,#359
HAIRY,834,1589,#407,#1343
HALED,677,1938,#1260,#440
HALLS,504,1506,#2560,#1641
HALTS,488,1996,#2643,#323
HALVE,744,1701,#817,#990
HANDS,462,1703,#2774,#984
HANDY,678,1316,#1253,#2232
HANGS,468,1648,#2747,#1162
HAPPY,593,963,#1961,#2898
HARDY,701,1518,#1102,#1588
HAREM,665,2045,#1354,#253
HARES,658,2275,#1438,#55
HARMS,484,1850,#2668,#613
HARPS,464,1889,#2767,#536
HARPY,680,1502,#1238,#1658
HARRY,767,1199,#693,#2515
HARSH,644,1472,#1560,#1759
HARTS,535,2100,#2388,#189
HASTE,782,2039,#614,#260
HASTY,675,1599,#1274,#1312
HATCH,577,1312,#2105,#2247
HATED,681,1973,#1229,#365
HATER,740,2271,#834,#57
HAULS,547,1743,#2315,#861
HAVEN,637,1734,#1622,#893
HAVOC,439,1557,#2853,#1452
HAWKS,367,1389,#3024,#2044
HAZEL,642,1717,#1577,#944
HEADS,577,1999,#2105,#318
HEADY,793,1612,#558,#1271
HEALS,643,2139,#1571,#147
HEAPS,556,1983,#2250,#343
HEARD,709,2057,#1035,#236
HEARS,643,2290,#1571,#50
HEART,821,2190,#452,#101
HEATH,708,1672,#1042,#1081
HEATS,627,2194,#1706,#97
HEAVE,883,1191,#254,#2529
HEAVY,776,1459,#639,#1819
HEDGE,705,1063,#1069,#2759
HEEDS,451,1533,#2815,#1545
HEELS,517,1673,#2486,#1077
HEIRS,578,2132,#2090,#154
HELIX,456,1684,#2793,#1040
HELLO,489,1718,#2635,#942
HELMS,397,1902,#2963,#515
HELPS,377,1941,#3008,#432
HENCE,799,1202,#531,#2509
HERBS,408,2015,#2941,#289
HERDS,445,2061,#2834,#231
HERON,551,2168,#2289,#117
HEROS,485,2269,#2656,#59
HEWED,576,1098,#2112,#2701
HIDES,510,1843,#2531,#630
HILLS,425,1362,#2903,#2114
HILLY,641,975,#1583,#2883
HILTS,409,1852,#2937,#610
HINDS,383,1559,#2997,#1449
HINGE,712,1557,#1019,#1452
HINTS,433,1754,#2871,#834
HIRED,645,1898,#1553,#521
HIRES,579,2131,#2076,#157
HITCH,498,1168,#2593,#2583
HIVES,492,1691,#2618,#1019
HOARD,744,1727,#817,#913
HOARY,894,1573,#220,#1395
HOBBY,574,751,#2130,#3046
HOIST,803,1500,#518,#1663
HOLDS,433,1627,#2871,#1222
HOLES,606,1997,#1872,#321
HOLLY,715,945,#1001,#2927
HOMES,569,1772,#2171,#796
HONEY,846,1512,#361,#1617
HOODS,555,1075,#2263,#2742
HOOFS,531,976,#2416,#2881
HOOKS,545,951,#2325,#2914
HOOPS,534,1059,#2396,#2766
HOOTS,605,1270,#1877,#2371
HOPED,632,1561,#1661,#1442
HOPES,566,1794,#2188,#741
HORDE,803,1784,#518,#773
HORNS,566,1777,#2188,#784
HORNY,782,1390,#614,#2040
HORSE,881,1873,#259,#566
HOSTS,454,1397,#2802,#2010
HOTEL,710,1971,#1031,#372
HOTLY,719,1415,#969,#1956
HOUND,628,1242,#1700,#2427
HOURS,542,1720,#2346,#937
HOUSE,877,1571,#269,#1401
HOVEL,666,1600,#1347,#1310
HOVER,691,1726,#1167,#915
HOWLS,438,1479,#2856,#1735
HULKS,332,1397,#3059,#2010
HULLS,408,1226,#2941,#2465
HUMAN,443,1550,#2842,#1480
HUMID,447,1191,#2828,#2529
HUMPS,284,1280,#3092,#2341
HUMUS,314,1009,#3073,#2835
HUNCH,501,899,#2577,#2965
HUNTS,416,1618,#2925,#1254
HURLS,455,1765,#2797,#810
HURRY,671,919,#1317,#2946
HURTS,439,1820,#2853,#683
HUSKS,303,972,#3083,#2886
HUSKY,519,1000,#2473,#2850
HUSSY,607,798,#1862,#3023
HYDRA,289,1930,#3090,#464
HYENA,384,2153,#2995,#136
HYMNS,275,1403,#3095,#1986
ICILY,613,995,#1813,#2858
ICING,421,1068,#2914,#2749
IDEAL,430,2370,#2882,#24
IDEAS,330,2431,#3060,#13
IDIOM,366,1180,#3025,#2559
IDIOT,537,1310,#2379,#2256
IDLED,444,1657,#2838,#1131
IDLER,503,2227,#2568,#77
IDOLS,393,1852,#2976,#610
IDYLL,313,1284,#3077,#2326
IGLOO,265,1540,#3097,#1525
IMAGE,725,1764,#921,#813
IMBUE,511,1568,#2523,#1412
IMPEL,450,1830,#2819,#655
IMPLY,459,1274,#2785,#2361
INANE,850,1612,#346,#1271
INCUR,361,1855,#3034,#601
INDEX,395,1652,#2971,#1149
INEPT,472,2035,#2726,#268
INERT,559,2342,#2228,#31
INFER,501,2032,#2577,#271
INGOT,448,1752,#2825,#840
INLET,613,2137,#1813,#150
INNER,584,1808,#2034,#711
INTER,564,2337,#2199,#33
INURE,694,2013,#1150,#294
IRATE,945,2251,#130,#64
IRKED,561,1829,#2215,#657
IRONS,601,1927,#1905,#467
IRONY,817,1540,#467,#1525
ISLES,377,1915,#3008,#489
ISLET,555,2230,#2263,#76
ISSUE,507,1630,#2544,#1216
ITEMS,307,2216,#3080,#84
IVORY,604,1451,#1880,#1842
JACKS,351,1317,#3046,#2227
JADED,613,1241,#1813,#2431
JAILS,576,1584,#2112,#1359
JAUNT,703,1308,#1088,#2264
JEANS,621,1804,#1752,#716
JEERS,475,1583,#2713,#1362
JELLY,638,1034,#1606,#2804
JERKS,393,1696,#2976,#1002
JERKY,609,1309,#1845,#2260
JESTS,377,1486,#3008,#1706
JETTY,626,1076,#1714,#2740
JEWEL,568,1029,#2177,#2811
JIFFY,450,515,#2819,#3093
JOINS,591,1316,#1982,#2232
JOINT,769,1216,#683,#2483
JOKED,559,1254,#2228,#2407
JOKER,618,1552,#1775,#1472
JOKES,493,1487,#2613,#1702
JOLLY,673,704,#1288,#3060
JOUST,690,1177,#1173,#2565
JOYED,572,1371,#2149,#2090
JUDGE,607,1094,#1862,#2706
JUICE,791,1215,#565,#2484
JUICY,684,775,#1210,#3036
JUMPS,242,1039,#3100,#2794
JUNKS,314,1058,#3073,#2768
JUNTA,393,1618,#2976,#1254
JUROR,512,1047,#2518,#2782
KARMA,466,1317,#2758,#2227
KEELS,480,1557,#2685,#1452
KEEPS,393,1401,#2976,#1995
KETCH,500,1645,#2582,#1173
KEYED,542,1118,#2346,#2679
KHAKI,445,1213,#2834,#2488
KICKS,277,1154,#3093,#2607
KILLS,388,1246,#2991,#2420
KINDA,365,1684,#3030,#1040
KINDS,346,1443,#3050,#1868
KINGS,352,1388,#3044,#2048
KIOSK,573,1054,#2140,#2774
KITES,499,1946,#2586,#417
KNACK,535,1084,#2388,#2724
KNAVE,736,1482,#862,#1723
KNEAD,442,1946,#2846,#417
KNEEL,577,1425,#2105,#1928
KNEES,477,1486,#2703,#1706
KNELL,470,1468,#2739,#1776
KNELT,548,1864,#2310,#584
KNIFE,664,1378,#1369,#2076
KNITS,415,1619,#2927,#1250
KNOBS,336,1414,#3056,#1963
KNOCK,478,962,#2698,#2903
KNOLL,539,1104,#2372,#2692
KNOTS,423,1655,#2907,#1138
KNOWN,404,855,#2950,#2995
KNOWS,338,1352,#3054,#2144
LABEL,689,1595,#1175,#1328
LACED,658,1990,#1438,#336
LACES,592,2223,#1973,#80
LACKS,409,1729,#2937,#907
LADEN,671,2057,#1317,#236
LADLE,821,1546,#452,#1502
LAGER,720,2184,#960,#105
LAIRS,634,2147,#1644,#139
LAITY,834,1664,#407,#1114
LAKES,556,2073,#2250,#221
LAMBS,380,1701,#3002,#990
LAMED,656,1884,#1454,#545
LAMES,590,2117,#1991,#171
LAMPS,396,1731,#2969,#899
LANCE,855,1925,#332,#471
LANDS,478,1874,#2698,#563
LANES,651,2244,#1494,#70
LANKY,684,1363,#1210,#2110
LAPEL,687,1643,#1187,#1182
LAPSE,815,1911,#477,#497
LARCH,636,1845,#1631,#627
LARGE,830,2074,#423,#220
LARGO,532,2077,#2410,#217
LARKS,491,1952,#2624,#406
LARVA,503,1506,#2568,#1641
LASSO,528,1692,#2430,#1014
LASTS,475,1742,#2713,#865
LATCH,593,1776,#1961,#786
LATER,756,2442,#754,#11
LATHE,749,2111,#792,#180
LATHS,426,2058,#2899,#234
LAUGH,584,1490,#2034,#1693
LAWNS,479,1730,#2692,#904
LAYER,694,2255,#1150,#62
LEADS,593,2170,#1961,#114
LEAFY,785,1684,#602,#1040
LEAKS,583,2046,#2047,#252
LEAKY,799,1659,#531,#1127
LEANS,679,2216,#1243,#84
LEAPS,572,2154,#2149,#134
LEAPT,750,2054,#785,#241
LEARN,725,2360,#921,#26
LEASE,994,1604,#67,#1295
LEASH,752,2030,#777,#273
LEAST,849,2159,#354,#130
LEAVE,899,1362,#205,#2114
LEDGE,721,1234,#952,#2448
LEECH,602,1473,#1896,#1755
LEEKS,457,1580,#2788,#1377
LEGAL,554,1764,#2271,#813
LEMME,699,977,#1114,#2880
LEMON,483,2010,#2672,#300
LENDS,438,2030,#2856,#273
LEPER,672,1652,#1306,#1149
LEVEE,870,681,#289,#3066
LEVEL,647,958,#1538,#2908
LEVER,672,1519,#1306,#1584
LIARS,620,2161,#1760,#127
LIBEL,610,1451,#1839,#1842
LICKS,330,1585,#3060,#1356
LIEGE,757,1402,#746,#1989
LIENS,514,2158,#2501,#131
LIFTS,366,1753,#3025,#837
LIGHT,489,1556,#2635,#1460
LIKED,543,1696,#2337,#1002
LIKEN,543,1828,#2337,#663
LIKER,602,1994,#1896,#327
LIKES,477,1929,#2703,#465
LILAC,448,1632,#2825,#1209
LIMBO,326,1613,#3066,#1265
LIMBS,301,1557,#3086,#1452
LIMES,511,1973,#2523,#365
LIMIT,592,1157,#1973,#2601
LINED,638,1867,#1606,#577
LINEN,638,1603,#1606,#1298
LINER,697,2165,#1126,#122
LINES,572,2100,#2149,#189
LINGO,430,1731,#2882,#899
LINKS,389,1606,#2987,#1291
LIONS,583,1794,#2047,#741
LISTS,396,1598,#2969,#1318
LITHE,670,1967,#1325,#383
LIVED,574,1629,#2130,#1217
LIVER,633,1927,#1649,#467
LIVES,508,1862,#2543,#588
LIVID,477,913,#2703,#2948
LLAMA,576,961,#2112,#2905
LOADS,628,1840,#1700,#634
LOAMY,843,1398,#372,#2008
LOANS,714,1886,#1006,#543
LOATH,759,1806,#740,#713
LOBBY,590,922,#1991,#2942
LOBES,584,1917,#2034,#487
LOCAL,586,1538,#2016,#1531
LOCKS,404,1555,#2950,#1466
LOCUS,423,1721,#2907,#933
LODGE,756,1612,#754,#1271
LOFTY,656,1336,#1454,#2178
LOGES,590,1945,#1991,#422
LOGIC,494,1587,#2610,#1350
LOGIN,559,1602,#2228,#1301
LOINS,649,1728,#1518,#909
LONGS,479,1645,#2692,#1173
LOOKS,561,1122,#2215,#2669
LOOMS,570,1191,#2166,#2529
LOONS,657,1292,#1444,#2307
LOOPS,550,1230,#2292,#2458
LOOSE,972,1388,#92,#2048
LORDS,496,1902,#2603,#515
LOSER,718,2223,#979,#80
LOSES,593,1743,#1961,#861
LOTUS,462,1875,#2774,#561
LOUSE,893,1742,#223,#865
LOUSY,786,1302,#593,#2276
LOVED,648,1599,#1526,#1312
LOVER,707,1897,#1049,#522
LOVES,582,1832,#2057,#651
LOWED,627,1647,#1706,#1166
LOWER,686,1945,#1194,#422
LOWLY,670,828,#1325,#3012
LOYAL,563,1505,#2203,#1650
LUCID,465,1468,#2764,#1776
LUCKY,529,1062,#2427,#2760
LULLS,424,907,#2905,#2953
LUMPS,300,1451,#3087,#1842
LUMPY,516,1064,#2494,#2758
LUNAR,579,2014,#2076,#292
LUNCH,517,1363,#2486,#2110
LUNGE,711,1592,#1028,#1333
LUNGS,388,1539,#2991,#1530
LURCH,540,1565,#2365,#1424
LURED,644,1933,#1560,#455
LURES,578,2166,#2090,#121
LURID,547,1691,#2315,#1019
LURKS,395,1672,#2971,#1081
LUSTS,379,1462,#3004,#1802
LUSTY,595,1490,#1949,#1693
LUTES,535,2097,#2388,#196
LYING,446,1463,#2830,#1795
LYMPH,265,1283,#3097,#2332
LYNCH,401,1424,#2959,#1930
LYRIC,366,1869,#3025,#572
MACES,606,1947,#1872,#414
MADAM,525,763,#2446,#3040
MADLY,728,1265,#895,#2386
MAGIC,513,1485,#2510,#1710
MAIDS,582,1580,#2057,#1377
MAILS,648,1720,#1526,#937
MAINS,668,1626,#1334,#1226
MAIZE,867,1415,#299,#1956
MAJOR,556,1576,#2250,#1388
MAKER,695,1862,#1143,#588
MAKES,570,1797,#2166,#732
MALES,641,2066,#1583,#226
MAMMA,449,557,#2822,#3087
MANES,665,1968,#1354,#378
MANGA,517,1126,#2486,#2655
MANGE,821,1596,#452,#1326
MANGO,523,1599,#2454,#1312
MANGY,714,1156,#1006,#2603
MANIA,587,1309,#2010,#2260
MANLY,774,1351,#653,#2148
MANNA,597,831,#1931,#3010
MANOR,657,1871,#1444,#570
MANSE,893,1740,#223,#869
MAPLE,817,1686,#467,#1031
MARCH,650,1569,#1506,#1407
MARES,688,2170,#1180,#114
MARKS,505,1676,#2552,#1068
MARRY,797,1094,#542,#2706
MARSH,674,1660,#1280,#1123
MARTS,565,1995,#2197,#325
MASKS,429,1147,#2887,#2616
MASON,545,1793,#2325,#748
MASTS,489,1466,#2635,#1785
MATCH,607,1500,#1862,#1663
MATED,711,1868,#1028,#574
MATES,645,2101,#1553,#187
MAUVE,817,1398,#467,#2008
MAXIM,482,989,#2677,#2867
MAYBE,696,1551,#1136,#1475
MAYOR,575,1817,#2123,#689
MAZES,572,1673,#2149,#1077
MEALS,673,2034,#1288,#269
MEALY,889,1647,#232,#1166
MEANS,693,1940,#1157,#433
MEANT,871,1840,#285,#634
MEATS,657,2089,#1444,#206
MEDAL,578,1962,#2090,#395
MEDIA,501,2037,#2577,#265
MEETS,531,1623,#2416,#1234
MELON,534,1959,#2396,#398
MELTS,478,2047,#2698,#251
MEMES,564,1073,#2199,#2744
MENDS,452,1754,#2809,#834
MENUS,461,1796,#2778,#735
MERCY,745,1567,#810,#1416
MERES,648,1618,#1526,#1254
MERGE,804,1246,#516,#2420
MERIT,729,1984,#890,#341
MERRY,757,1250,#746,#2418
MESAS,471,1782,#2731,#778
METAL,604,2181,#1880,#107
METED,671,1316,#1317,#2232
METER,730,1614,#881,#1262
MEWED,606,993,#1872,#2862
MIDST,623,1357,#1735,#2128
MIENS,528,1882,#2430,#550
MIGHT,503,1280,#2568,#2341
MILCH,524,1321,#2451,#2218
MILES,562,1922,#2210,#476
MILKY,595,1041,#1949,#2791
MILLS,455,1257,#2797,#2399
MIMES,525,1481,#2446,#1725
MIMIC,429,649,#2887,#3071
MINCE,790,1505,#570,#1650
MINDS,413,1454,#2930,#1836
MINED,652,1591,#1489,#1338
MINER,711,1889,#1028,#536
MINES,586,1824,#2016,#673
MINOR,578,1727,#2090,#913
MINTS,463,1649,#2769,#1159
MINUS,422,1496,#2911,#1675
MIRTH,567,1622,#2184,#1236
MISER,658,1977,#1438,#357
MISTS,410,1322,#2935,#2216
MITES,566,1957,#2188,#402
MIXED,559,1300,#2228,#2282
MIXES,493,1533,#2613,#1545
MOANS,728,1610,#895,#1280
MOATS,692,1759,#1159,#822
MOCKS,418,1279,#2921,#2347
MODEL,714,1647,#1006,#1166
MODEM,621,1262,#1752,#2392
MODES,614,1708,#1802,#972
MOIST,833,1395,#415,#2023
MOLAR,660,1942,#1407,#428
MOLES,636,1892,#1631,#531
MOMMA,444,1041,#2838,#2791
MONEY,876,1407,#273,#1979
MONKS,477,1300,#2703,#2282
MONTH,618,1390,#1775,#2040
MOODS,585,970,#2021,#2888
MOODY,801,583,#524,#3081
MOONS,671,1016,#1317,#2827
MOORS,651,1261,#1494,#2395
MOOSE,986,1112,#74,#2685
MOPED,662,1456,#1384,#1828
MORAL,682,1920,#1222,#479
MORES,683,1996,#1214,#323
MOSSY,728,799,#895,#3022
MOTES,640,1927,#1591,#467
MOTHS,435,1608,#2864,#1282
MOTIF,537,1401,#2379,#1995
MOTOR,632,1358,#1661,#2125
MOTTO,542,853,#2346,#2998
MOUND,658,1137,#1438,#2635
MOUNT,770,1270,#679,#2371
MOURN,638,1514,#1606,#1608
MOUSE,907,1466,#189,#1785
MOUTH,637,1290,#1622,#2313
MOVED,662,1323,#1384,#2214
MOVER,721,1621,#952,#1240
MOVES,596,1556,#1942,#1460
MOVIE,822,1367,#446,#2104
MOWED,641,1371,#1583,#2090
MOWER,700,1669,#1109,#1093
MUCUS,346,1010,#3050,#2834
MUDDY,566,573,#2188,#3084
MULES,545,1786,#2325,#767
MULTI,401,1669,#2959,#1093
MUMMY,550,307,#2292,#3102
MUMPS,314,959,#3073,#2906
MUNCH,531,1087,#2416,#2721
MURAL,591,1814,#1982,#699
MURKY,625,1009,#1720,#2835
MUSED,582,1543,#2057,#1513
MUSES,516,1361,#2494,#2120
MUSIC,420,1418,#2917,#1949
MUSKY,549,895,#2307,#2966
MUSTY,609,1214,#1845,#2485
MUTED,615,1588,#1794,#1345
MUTES,549,1821,#2307,#679
MYRRH,450,1033,#2819,#2805
MYTHS,228,1563,#3101,#1431
NABOB,397,1472,#2963,#1759
NAILS,591,1965,#1982,#388
NAIVE,831,1725,#421,#918
NAKED,579,1809,#2076,#708
NAMED,613,1853,#1813,#608
NAMES,547,2086,#2315,#209
NASAL,554,1567,#2271,#1416
NASTY,648,1739,#1526,#873
NATAL,587,1612,#2010,#1271
NATTY,681,1301,#1229,#2280
NAVAL,543,1241,#2337,#2431
NAVEL,644,1914,#1560,#491
NAVES,544,1975,#2334,#361
NEARS,616,2430,#1786,#15
NECKS,326,1854,#3066,#606
NEEDS,424,1673,#2905,#1077
NEEDY,640,1286,#1591,#2320
NEIGH,572,1697,#2149,#1000
NERVE,724,1393,#932,#2032
NESTS,392,1867,#2982,#577
NEVER,629,1488,#1691,#1700
NEWER,608,1536,#1857,#1536
NEWLY,592,1562,#1973,#1437
NICER,595,2113,#1949,#177
NICHE,588,1782,#2003,#778
NIECE,762,1424,#723,#1930
NIGHT,446,1525,#2830,#1569
NINNY,658,547,#1438,#3089
NOBLE,757,1709,#746,#970
NOBLY,650,1269,#1506,#2373
NOISE,921,1793,#157,#748
NOISY,814,1353,#480,#2140
NOMAD,507,1664,#2544,#1114
NONCE,807,1324,#503,#2212
NOOKS,518,1091,#2482,#2714
NOOSE,929,1357,#145,#2128
NORTH,584,1837,#2034,#641
NOSED,616,1894,#1786,#527
NOSES,550,1712,#2292,#958
NOTCH,545,1571,#2325,#1401
NOTED,649,1939,#1518,#436
NOTES,583,2172,#2047,#113
NOUNS,535,1219,#2388,#2477
NOVEL,639,1740,#1597,#869
NUDGE,622,1475,#1746,#1746
NURSE,763,1907,#710,#506
NYMPH,222,1252,#3102,#2412
OAKEN,578,2058,#2090,#234
OAKUM,355,1601,#3042,#1305
OASES,554,2003,#2271,#311
OASIS,457,1761,#2788,#818
OATEN,653,2362,#1480,#25
OATHS,382,2144,#2998,#145
OBESE,652,1478,#1489,#1737
OBEYS,199,2092,#3103,#202
OCCUR,314,1550,#3073,#1480
OCEAN,406,2416,#2945,#17
OCHRE,534,2105,#2396,#185
ODDER,479,1817,#2692,#689
ODDLY,463,1135,#2769,#2639
ODIUM,333,1534,#3058,#1540
OFFAL,306,1604,#3081,#1295
OFFER,432,1745,#2875,#856
OFTEN,436,2029,#2862,#276
OILED,570,2051,#2166,#245
OLDEN,552,1997,#2282,#321
OLDER,611,2163,#1833,#126
OMENS,354,2100,#3043,#189
OMITS,379,1849,#3004,#617
ONION,480,1036,#2685,#2799
ONSET,582,2173,#2057,#112
OOZED,575,1156,#2123,#2603
OOZES,509,1389,#2534,#2044
OPALS,480,1951,#2685,#411
OPENS,374,2099,#3014,#193
OPERA,373,2585,#3017,#1
OPINE,758,1752,#741,#840
OPIUM,365,1465,#3030,#1788
OPTIC,316,1816,#3070,#691
ORBIT,607,1784,#1862,#773
ORDER,667,1648,#1340,#1162
ORGAN,497,2038,#2596,#263
OSIER,614,2325,#1802,#36
OTHER,481,2351,#2679,#28
OTTER,555,2020,#2263,#285
OUGHT,428,1506,#2895,#1641
OUNCE,715,1731,#1001,#899
OUTDO,343,1397,#3052,#2010
OUTER,616,2248,#1786,#68
OVALS,443,1855,#2842,#601
OVARY,659,1619,#1420,#1250
OVENS,337,2003,#3055,#311
OVERT,495,2148,#2606,#138
OWING,426,1386,#2899,#2052
OWNED,485,1715,#2656,#951
OWNER,544,2013,#2334,#294
OXIDE,636,1527,#1631,#1566
OZONE,720,1143,#960,#2623
PACES,620,1952,#1760,#406
PACKS,437,1458,#2861,#1822
PADDY,676,858,#1268,#2994
PADRE,849,1861,#354,#591
PAEAN,673,1581,#1288,#1372
PAGAN,588,1074,#2003,#2743
PAGES,623,1848,#1735,#621
PAILS,662,1725,#1384,#918
PAINS,682,1631,#1222,#1212
PAINT,860,1531,#318,#1552
PAIRS,662,1876,#1384,#557
PALED,721,1838,#952,#640
PALER,780,2136,#627,#151
PALES,655,2071,#1467,#223
PALMS,481,1646,#2679,#1171
PALMY,697,1259,#1126,#2396
PALSY,776,1403,#639,#1986
PANEL,779,1912,#631,#494
PANES,679,1973,#1243,#365
PANGS,512,1548,#2518,#1491
PANIC,583,1615,#2047,#1260
PANSY,800,1305,#527,#2269
PANTS,556,1798,#2250,#728
PAPAL,614,902,#1802,#2962
PAPAS,514,963,#2501,#2898
PAPER,740,1701,#834,#990
PARED,768,1942,#689,#428
PARKA,538,1264,#2375,#2388
PARKS,519,1681,#2473,#1051
PARRY,811,1099,#491,#2700
PARSE,930,1947,#142,#414
PARTS,579,2000,#2076,#317
PARTY,795,1613,#546,#1265
PASHA,440,1325,#2852,#2209
PASTE,826,1939,#434,#436
PASTY,719,1499,#969,#1666
PATCH,621,1505,#1752,#1650
PATES,659,2106,#1420,#183
PATHS,454,1787,#2802,#766
PATIO,587,1920,#2010,#479
PAUSE,926,1645,#151,#1173
PAVED,681,1502,#1229,#1658
PAWED,660,1550,#1407,#1480
PAWNS,507,1459,#2544,#1819
PAYED,663,1686,#1377,#1031
PAYER,722,1984,#945,#341
PEACE,998,1242,#60,#2427
PEACH,756,1668,#754,#1098
PEAKS,611,1775,#1833,#788
PEALS,687,2039,#1187,#260
PEARL,787,2129,#583,#159
PEARS,687,2190,#1187,#101
PEASE,1022,1333,#36,#2187
PECKS,397,1614,#2963,#1262
PEDAL,592,1967,#1973,#383
PEEPS,474,1185,#2717,#2546
PEERS,561,1724,#2215,#925
PELTS,492,2052,#2618,#244
PENAL,638,2053,#1606,#242
PENCE,843,1102,#372,#2696
PENIS,542,1887,#2346,#540
PENNY,768,1022,#689,#2819
PEONS,650,1823,#1506,#675
PERCH,624,1730,#1727,#904
PERIL,665,2028,#1354,#277
PESKY,619,1336,#1769,#2178
PESOS,453,1640,#2806,#1193
PESTS,463,1627,#2769,#1222
PETAL,618,2186,#1775,#104
PETTY,712,1217,#1019,#2480
PHASE,958,1581,#119,#1372
PHIAL,664,1575,#1369,#1390
PHONE,909,1416,#183,#1952
PHOTO,575,1096,#2123,#2704
PIANO,693,1701,#1157,#990
PICKS,358,1314,#3038,#2239
PIECE,833,1184,#415,#2550
PIERS,522,2132,#2462,#154
PIETY,722,1649,#945,#1159
PIGMY,586,892,#2016,#2968
PIKES,505,1658,#2552,#1130
PILED,642,1694,#1577,#1009
PILES,576,1927,#2112,#467
PILLS,469,1262,#2740,#2392
PILOT,621,1665,#1752,#1108
PINCH,562,1228,#2210,#2462
PINED,666,1596,#1347,#1326
PINES,600,1829,#1911,#657
PINKS,417,1335,#2924,#2183
PINTO,502,1710,#2573,#964
PINTS,477,1654,#2703,#1142
PIOUS,534,1519,#2396,#1584
PIPED,602,1259,#1896,#2396
PIPER,661,1557,#1396,#1452
PIPES,536,1492,#2384,#1690
PIQUE,657,1265,#1444,#2386
PITCH,542,1361,#2346,#2120
PITHY,591,1256,#1982,#2402
PIVOT,581,1329,#2065,#2198
PLACE,963,1648,#111,#1162
PLAID,728,1492,#895,#1690
PLAIN,728,1624,#895,#1230
PLAIT,840,1625,#384,#1229
PLANE,995,1696,#66,#1002
PLANK,723,1291,#938,#2310
PLANS,672,1643,#1306,#1182
PLANT,850,1543,#346,#1513
PLATE,959,1845,#118,#627
PLAYS,534,1645,#2396,#1173
PLAZA,567,962,#2184,#2903
PLEAD,598,1961,#1926,#397
PLEAS,532,2194,#2410,#97
PLIED,760,1576,#735,#1388
PLIES,694,1809,#1150,#708
PLOTS,579,1670,#2076,#1089
PLUCK,555,1003,#2263,#2843
PLUGS,456,1302,#2793,#2276
PLUMB,433,1068,#2871,#2749
PLUME,772,1355,#665,#2132
PLUMS,449,1302,#2822,#2276
PLUSH,609,1217,#1845,#2480
PODIA,550,1712,#2292,#958
POEMS,529,1756,#2427,#827
POESY,824,1513,#443,#1613
POETS,580,2006,#2070,#307
POINT,855,1357,#332,#2128
POISE,992,1553,#71,#1471
POKED,645,1395,#1553,#2023
POKER,704,1693,#1077,#1012
POKES,579,1628,#2076,#1220
POLAR,674,1947,#1280,#414
POLES,650,1897,#1506,#522
POLKA,486,1644,#2651,#1179
POLLS,543,1232,#2337,#2452
PONDS,501,1429,#2577,#1912
POOLS,665,1115,#1354,#2682
POPES,610,1462,#1839,#1802
POPPA,435,1071,#2864,#2746
POPPY,632,443,#1661,#3099
PORCH,659,1400,#1420,#2004
PORED,763,1768,#710,#801
PORES,697,2001,#1126,#315
PORTS,574,1826,#2130,#667
POSED,687,1654,#1187,#1142
POSER,746,1952,#803,#406
POSES,621,1472,#1752,#1759
POSSE,849,1244,#354,#2425
POSTS,498,1297,#2593,#2294
POUCH,655,1098,#1467,#2701
POUND,672,1142,#1306,#2625
POURS,586,1620,#2016,#1246
POWER,714,1674,#1006,#1073
PRANK,779,1386,#631,#2052
PRATE,1015,1940,#45,#433
PRAYS,590,1740,#1991,#869
PRESS,594,1608,#1954,#1282
PREYS,464,1982,#2767,#345
PRICE,954,1585,#121,#1356
PRICK,682,1180,#1222,#2559
PRIDE,900,1587,#203,#1350
PRIED,816,1671,#473,#1086
PRIES,750,1904,#785,#510
PRIME,899,1532,#205,#1550
PRINT,841,1480,#382,#1731
PRIOR,742,1197,#823,#2521
PRISM,662,1393,#1384,#2032
PRIVY,776,994,#639,#2859
PRIZE,862,1369,#310,#2101
PROBE,871,1577,#285,#1384
PRONE,994,1669,#67,#1093
PROOF,619,1022,#1769,#2819
PROPS,564,1322,#2199,#2216
PROSE,986,1712,#74,#958
PROSY,879,1272,#264,#2367
PROUD,660,1379,#1407,#2071
PROVE,891,1470,#230,#1771
PROWL,650,1401,#1506,#1995
PROWS,550,1462,#2292,#1802
PROXY,749,983,#792,#2872
PRUDE,829,1505,#427,#1650
PRUNE,915,1551,#163,#1475
PSALM,526,1601,#2436,#1305
PSHAW,262,1591,#3099,#1338
PUDGY,586,795,#2016,#3027
PUFFS,303,907,#3083,#2953
PUFFY,519,520,#2473,#3092
PULLS,452,1126,#2809,#2655
PULPY,581,786,#2065,#3032
PULSE,787,1563,#583,#1431
PUMPS,328,948,#3063,#2920
PUNCH,545,1092,#2325,#2712
PUPIL,522,1053,#2462,#2776
PUPPY,541,337,#2359,#3100
PUREE,929,1240,#145,#2433
PURER,731,1350,#876,#2151
PURGE,762,1523,#723,#1572
PURSE,834,1667,#407,#1100
PUSSY,651,698,#1494,#3061
PUTTY,656,781,#1454,#3033
QUACK,588,969,#2003,#2889
QUAFF,453,795,#2806,#3027
QUAIL,659,1390,#1420,#2040
QUAKE,796,1252,#544,#2412
QUALM,556,1233,#2250,#2450
QUART,727,1514,#910,#1608
QUASI,540,1470,#2365,#1771
QUAYS,431,1371,#2878,#2090
QUEEN,596,1126,#1942,#2655
QUEER,655,1292,#1467,#2307
QUELL,523,1209,#2454,#2493
QUERY,639,1469,#1597,#1773
QUEST,613,1554,#1813,#1469
QUEUE,689,623,#1175,#3076
QUICK,523,811,#2454,#3016
QUIET,769,1435,#683,#1900
QUILL,584,809,#2034,#3017
QUILT,662,1205,#1384,#2497
QUIPS,397,1149,#2963,#2614
QUIRE,807,1509,#503,#1627
QUITE,791,1413,#565,#1968
QUITS,468,1360,#2747,#2124
QUOTA,495,1637,#2606,#1201
QUOTE,799,1449,#531,#1850
QUOTH,557,1167,#2243,#2584
RABBI,358,1692,#3038,#1014
RABID,558,1767,#2236,#803
RACED,658,2141,#1438,#146
RACER,717,1829,#989,#657
RACES,592,2374,#1973,#23
RACKS,409,1880,#2937,#552
RADII,487,1651,#2646,#1154
RADIO,533,2123,#2406,#164
RAFTS,445,2048,#2834,#249
RAGED,661,2037,#1396,#265
RAGES,595,2270,#1949,#58
RAIDS,568,2007,#2177,#303
RAILS,634,2147,#1644,#139
RAINS,654,2053,#1473,#242
RAINY,870,1666,#289,#1103
RAISE,969,2149,#101,#137
RAJAH,530,1198,#2421,#2518
RAKED,622,1991,#1746,#333
RAKES,556,2224,#2250,#79
RALLY,736,1441,#862,#1878
RANCH,613,1794,#1813,#741
RANGE,807,2023,#503,#280
RANKS,468,1901,#2747,#518
RAPID,556,1815,#2250,#695
RARER,799,1412,#531,#1971
RARES,674,1987,#1280,#339
RATED,697,2295,#1126,#46
RATES,631,2528,#1674,#4
RATIO,559,2342,#2228,#31
RAVED,653,1924,#1480,#472
RAVEN,653,2056,#1480,#238
RAVES,587,2157,#2010,#132
RAYON,502,2078,#2573,#216
RAZED,624,1867,#1727,#577
RAZOR,550,1393,#2292,#2032
REACH,728,2090,#895,#205
REACT,825,2219,#439,#83
READS,593,2321,#1961,#37
READY,809,1934,#496,#453
REALM,666,2231,#1347,#75
REALS,659,2461,#1420,#8
REAMS,592,2266,#1973,#60
REAPS,572,2305,#2149,#41
REARS,659,2002,#1420,#313
REBEL,649,1629,#1518,#1217
REBUS,385,2070,#2994,#224
REBUT,563,1970,#2203,#373
RECUR,513,1657,#2510,#1131
REEDS,467,1855,#2754,#601
REEDY,683,1468,#1214,#1776
REEFS,443,1756,#2842,#827
REEKS,457,1731,#2788,#899
REELS,533,1995,#2406,#325
REEVE,773,929,#659,#2937
REFER,653,1126,#1480,#2655
REFIT,609,2037,#1845,#265
REGAL,554,2350,#2271,#29
REIGN,600,2007,#1911,#303
REINS,614,2209,#1802,#91
RELAX,468,2233,#2747,#74
RELAY,702,2247,#1098,#69
RELIC,491,2291,#2624,#49
REMIT,631,2082,#1674,#215
RENDS,438,2181,#2856,#107
RENEW,597,1547,#1931,#1495
RENTS,488,2376,#2643,#22
REPAY,662,2044,#1384,#255
REPEL,647,1677,#1538,#1064
REPLY,656,1829,#1454,#657
RESET,736,1831,#862,#653
RESIN,527,2296,#2433,#44
RESTS,435,2049,#2864,#246
REVEL,647,1544,#1538,#1509
REVUE,706,1330,#1062,#2196
RHEUM,419,1915,#2919,#489
RHYME,614,1665,#1802,#1108
RICKS,330,1736,#3060,#884
RIDER,651,1620,#1494,#1246
RIDES,526,2165,#2436,#122
RIDGE,682,1793,#1222,#748
RIFLE,705,1902,#1069,#515
RIFTS,366,1904,#3025,#510
RIGHT,489,1707,#2635,#975
RIGID,485,1177,#2656,#2565
RILED,614,2116,#1802,#172
RILLS,441,1684,#2849,#1040
RIMES,511,2124,#2523,#163
RINGS,405,1826,#2948,#667
RINSE,800,2023,#527,#280
RIOTS,547,2094,#2315,#200
RIPEN,574,2045,#2130,#253
RIPER,633,1601,#1649,#1305
RISEN,585,2238,#2021,#72
RISER,644,1794,#1560,#741
RISES,519,1924,#2473,#472
RISKS,336,1430,#3056,#1911
RISKY,552,1458,#2282,#1822
RITES,552,2384,#2282,#21
RIVAL,507,1937,#2544,#444
RIVEN,574,1912,#2130,#494
RIVER,633,1468,#1649,#1776
RIVET,686,1913,#1194,#492
ROADS,628,1991,#1700,#333
ROAMS,627,1936,#1706,#446
ROARS,694,1672,#1150,#1081
ROAST,884,1980,#248,#347
ROBED,650,1835,#1506,#645
ROBES,584,2068,#2034,#225
ROBIN,553,1725,#2277,#918
ROCKS,404,1706,#2950,#977
ROCKY,620,1319,#1760,#2221
ROGUE,749,1821,#792,#679
ROLES,622,2319,#1746,#39
ROLLS,515,1654,#2499,#1142
ROMAN,550,1978,#2292,#353
ROOFS,547,1298,#2315,#2290
ROOKS,561,1273,#2215,#2364
ROOMS,570,1342,#2166,#2166
ROOMY,786,955,#593,#2911
ROOST,827,1386,#433,#2052
ROOTS,621,1592,#1752,#1333
ROPED,648,1883,#1526,#548
ROPES,582,2116,#2057,#172
ROSES,593,1894,#1961,#527
ROSIN,562,1966,#2210,#385
ROUGE,821,1749,#452,#850
ROUGH,579,1467,#2076,#1782
ROUND,644,1564,#1560,#1428
ROUSE,893,1893,#223,#530
ROUTE,865,1999,#302,#318
ROUTS,542,1946,#2346,#417
ROVED,648,1750,#1526,#846
ROVER,707,1438,#1049,#1888
ROWDY,604,1274,#1880,#2361
ROWED,627,1798,#1706,#728
ROYAL,563,2091,#2203,#204
RUDER,634,1484,#1644,#1716
RUFFS,275,1329,#3095,#2198
RUINS,558,1773,#2236,#795
RULED,597,1980,#1931,#347
RULER,656,1668,#1454,#1098
RULES,531,2213,#2416,#89
RUNES,555,2115,#2263,#176
RUNGS,388,1690,#2991,#1023
RUPEE,814,1355,#480,#2132
RURAL,577,1631,#2105,#1212
RUSES,502,1788,#2573,#762
SABLE,999,1681,#56,#1051
SABRE,999,1832,#56,#651
SACKS,603,1081,#1889,#2734
SADLY,908,1308,#184,#2264
SAFER,887,1904,#241,#510
SAGAS,688,798,#1180,#3023
SAGES,789,1471,#574,#1763
SAHIB,638,1516,#1606,#1601
SAILS,828,1348,#429,#2154
SAINT,1026,1569,#34,#1407
SAITH,893,1589,#223,#1343
SALAD,786,1203,#593,#2502
SALES,821,1694,#452,#1009
SALLY,930,1057,#142,#2770
SALON,754,1846,#767,#624
SALSA,745,996,#810,#2856
SALTS,698,1519,#1120,#1584
SALTY,914,1547,#170,#1495
SALVE,954,1639,#121,#1196
SALVO,656,1642,#1454,#1185
SANDS,672,1226,#1306,#2465
SANDY,888,1254,#236,#2407
SANER,970,2076,#99,#218
SATED,891,1911,#230,#497
SATIN,794,1801,#551,#721
SATYR,725,1887,#921,#540
SAUCE,1068,1592,#8,#1333
SAUCY,961,1152,#113,#2609
SAVED,847,1540,#359,#1525
SAVES,781,1358,#621,#2125
SAWED,826,1588,#434,#1345
SCALD,764,1508,#706,#1632
SCALE,1021,1794,#38,#741
SCALP,715,1520,#1001,#1579
SCALY,914,1354,#170,#2136
SCAMP,648,1325,#1526,#2209
SCANS,718,1232,#979,#2452
SCANT,896,1547,#214,#1495
SCARE,1021,1945,#38,#422
SCARF,692,1608,#1159,#1282
SCARS,698,1477,#1120,#1742
SCENE,915,1234,#163,#2448
SCENT,770,1789,#679,#761
SCION,673,1550,#1288,#1480
SCOFF,545,951,#2325,#2914
SCOLD,707,1386,#1049,#2052
SCOOP,632,994,#1661,#2859
SCOPE,877,1516,#269,#1601
SCORE,964,1823,#108,#675
SCORN,707,1669,#1049,#1093
SCOUR,709,1586,#1035,#1354
SCOUT,762,1421,#723,#1941
SCOWL,640,1310,#1591,#2256
SCRAP,589,1797,#2000,#732
SCREW,659,1737,#1420,#879
SCRIP,593,1570,#1961,#1406
SCRUB,493,1471,#2613,#1763
SCULL,662,1005,#1384,#2841
SEALS,853,1662,#337,#1118
SEAMS,786,1467,#593,#1782
SEAMY,1002,1495,#53,#1679
SEATS,837,1717,#398,#944
SECTS,623,1556,#1735,#1460
SEDAN,724,1965,#932,#388
SEDGE,915,1001,#163,#2847
SEEDS,661,1056,#1396,#2771
SEEDY,877,1084,#269,#2724
SEEKS,651,932,#1494,#2936
SEEMS,660,1001,#1407,#2847
SEERS,727,1347,#910,#2155
SEIZE,1007,906,#50,#2956
SELLS,674,1185,#1280,#2546
SEMEN,810,1231,#493,#2457
SENDS,632,1382,#1661,#2065
SENSE,1033,816,#30,#3015
SERFS,631,1485,#1674,#1710
SERGE,984,1289,#78,#2315
SERUM,671,1811,#1317,#704
SERVE,961,1191,#113,#2529
SEVEN,807,1120,#503,#2674
SEVER,866,1286,#301,#2320
SEWED,786,1036,#593,#2799
SEWER,845,1334,#366,#2186
SEXES,712,753,#1019,#3044
SHACK,828,1123,#429,#2663
SHADE,1046,1530,#20,#1555
SHADY,939,1090,#136,#2716
SHAFT,877,1278,#269,#2351
SHAKE,1036,1406,#29,#1982
SHAKY,929,966,#145,#2893
SHALE,1112,1670,#2,#1089
SHALL,889,1121,#232,#2671
SHALT,967,1517,#105,#1597
SHAME,1045,1475,#21,#1746
SHAMS,722,1007,#945,#2840
SHANK,860,1171,#318,#2577
SHAPE,1025,1514,#35,#1608
SHARE,1112,1821,#2,#679
SHARK,840,1416,#384,#1952
SHARP,806,1547,#512,#1495
SHAVE,1029,1377,#32,#2079
SHAWL,788,1308,#581,#2264
SHEAF,663,1790,#1377,#759
SHEAR,794,2139,#551,#147
SHEDS,597,1304,#1931,#2272
SHEEN,836,1280,#401,#2341
SHEEP,787,1160,#583,#2598
SHEER,895,1446,#218,#1860
SHEET,948,1281,#127,#2339
SHEIK,724,1495,#932,#1679
SHELF,657,1575,#1444,#1390
SHELL,763,1363,#710,#2110
SHIED,897,1456,#211,#1828
SHIFT,812,1120,#486,#2674
SHINE,1067,1418,#9,#1949
SHINS,744,950,#817,#2918
SHINY,960,978,#116,#2878
SHIPS,637,888,#1622,#2973
SHIRE,1047,1663,#19,#1117
SHIRK,775,1258,#645,#2398
SHIRT,902,1510,#198,#1622
SHOAL,838,1649,#393,#1159
SHOCK,771,1001,#670,#2847
SHOES,839,1310,#390,#2256
SHONE,1075,1454,#6,#1836
SHOOK,757,739,#746,#3050
SHOON,772,990,#665,#2866
SHOOT,884,991,#248,#2864
SHOPS,645,924,#1553,#2940
SHORE,1055,1699,#17,#996
SHORN,798,1545,#537,#1506
SHORT,910,1546,#178,#1502
SHOTS,716,1135,#994,#2639
SHOUT,853,1297,#337,#2294
SHOVE,972,1255,#92,#2405
SHOWN,697,1146,#1126,#2618
SHOWS,631,832,#1674,#3009
SHOWY,847,860,#359,#2991
SHRED,830,1676,#423,#1068
SHREW,750,1613,#785,#1265
SHRUB,584,1347,#2034,#2155
SHRUG,604,1361,#1880,#2120
SHUNS,673,868,#1288,#2984
SHUTS,637,1017,#1622,#2824
SHYLY,768,758,#689,#3041
SIBYL,579,1331,#2076,#2193
SIDED,786,1276,#593,#2355
SIDES,720,1366,#960,#2107
SIEGE,951,1169,#123,#2580
SIEVE,928,1071,#149,#2746
SIGHS,505,1008,#2552,#2838
SIGHT,683,1323,#1214,#2214
SIGMA,555,1558,#2263,#1450
SIGNS,623,1003,#1735,#2843
SILKS,559,1056,#2228,#2771
SILKY,775,1084,#645,#2724
SILLS,635,885,#1640,#2977
SILLY,851,913,#342,#2948
SINCE,970,1548,#99,#1491
SINEW,752,1571,#777,#1401
SINGE,922,1495,#154,#1679
SINGS,599,1027,#1919,#2814
SINKS,583,958,#2047,#2908
SIREN,855,1968,#332,#378
SIRES,789,1654,#574,#1142
SITES,746,1585,#803,#1356
SIXES,673,1161,#1288,#2596
SIXTH,631,1172,#1674,#2576
SIXTY,766,1014,#700,#2831
SIZED,739,1339,#844,#2172
SIZES,673,1157,#1288,#2601
SKATE,985,1683,#77,#1045
SKEIN,628,1704,#1700,#982
SKIES,720,1232,#960,#2452
SKIFF,517,749,#2486,#3047
SKILL,713,921,#1016,#2944
SKIMS,546,807,#2323,#3019
SKINS,633,908,#1649,#2952
SKIPS,526,846,#2436,#3000
SKIRT,791,1468,#565,#1776
SKULK,593,839,#1961,#3004
SKULL,642,839,#1577,#3004
SKUNK,613,745,#1813,#3048
SLABS,715,1174,#1001,#2570
SLACK,857,1281,#326,#2339
SLAGS,758,1165,#741,#2588
SLAIN,894,1662,#220,#1118
SLAKE,1065,1564,#11,#1428
SLANG,842,1461,#379,#1810
SLANT,1016,1581,#42,#1372
SLAPS,731,1204,#876,#2500
SLASH,911,1080,#177,#2737
SLATE,1125,1883,#1,#548
SLATS,802,1415,#521,#1956
SLAVE,1058,1535,#16,#1538
SLAYS,700,1268,#1109,#2378
SLEDS,626,1462,#1714,#1802
SLEEK,850,1187,#346,#2541
SLEEP,816,1318,#473,#2224
SLEET,977,1439,#85,#1883
SLEPT,783,1761,#609,#818
SLICE,1064,1528,#12,#1560
SLICK,792,1123,#561,#2663
SLIDE,1010,1530,#47,#1555
SLILY,969,795,#101,#3027
SLIME,1009,1475,#48,#1746
SLIMY,902,1035,#198,#2802
SLING,777,1303,#636,#2273
SLINK,824,1171,#443,#2577
SLIPS,666,1046,#1347,#2784
SLITS,737,1257,#854,#2399
SLOOP,752,1028,#777,#2812
SLOPE,997,1550,#62,#1480
SLOPS,674,1082,#1280,#2732
SLOTH,826,1479,#434,#1735
SLUGS,622,925,#1746,#2938
SLUMP,632,1119,#1661,#2677
SLUMS,615,925,#1794,#2938
SLUNG,706,1221,#1062,#2474
SLUNK,753,1089,#771,#2718
SLUSH,775,840,#645,#3003
SLYLY,797,481,#542,#3096
SMACK,737,1139,#854,#2632
SMALL,798,1137,#537,#2635
SMART,876,1684,#273,#1040
SMASH,791,938,#565,#2931
SMEAR,703,2155,#1088,#133
SMELL,672,1379,#1306,#2071
SMELT,750,1775,#785,#788
SMILE,956,1528,#120,#1560
SMIRK,684,1274,#1210,#2361
SMITE,940,1583,#134,#1362
SMITH,698,1301,#1120,#2280
SMOCK,680,1017,#1238,#2824
SMOKE,888,1300,#236,#2282
SMOKY,781,860,#621,#2991
SMOTE,948,1619,#127,#1250
SNACK,782,1282,#614,#2336
SNAGS,683,1166,#1214,#2586
SNAIL,853,1703,#337,#984
SNAKE,990,1565,#72,#1424
SNAKY,883,1125,#254,#2661
SNAPS,656,1205,#1454,#2497
SNARE,1066,1980,#10,#347
SNARL,843,1866,#372,#581
SNEAK,674,1881,#1280,#551
SNEER,849,1605,#354,#1294
SNIFF,582,950,#2057,#2918
SNIPE,914,1515,#170,#1604
SNOBS,583,1053,#2047,#2776
SNORE,1009,1858,#48,#598
SNORT,864,1705,#304,#979
SNOUT,807,1456,#503,#1828
SNOWS,585,991,#2021,#2864
SNOWY,801,1019,#524,#2823
SNUFF,511,868,#2523,#2984
SOAPY,1017,1204,#40,#2500
SOARS,888,1483,#236,#1719
SOBER,903,1749,#194,#850
SOCKS,598,907,#1926,#2953
SOFAS,656,1235,#1454,#2443
SOGGY,833,675,#415,#3067
SOILS,823,1174,#445,#2570
SOLAR,840,1985,#384,#340
SOLES,816,1520,#473,#1579
SOLID,785,1460,#602,#1813
SOLOS,683,886,#1214,#2976
SOLVE,949,1465,#126,#1788
SONGS,673,997,#1288,#2854
SONNY,969,730,#101,#3054
SOOTH,896,979,#214,#2874
SOOTY,1031,821,#31,#3014
SORES,863,1624,#308,#1230
SORRY,972,963,#92,#2898
SORTS,740,1449,#834,#1850
SOUGH,773,1083,#659,#2729
SOULS,752,1092,#777,#2712
SOUND,838,1180,#393,#2559
SOUPS,665,936,#1354,#2932
SOUSE,1087,1094,#5,#2706
SOUTH,817,1333,#467,#2187
SOWED,821,1414,#452,#1963
SOWER,880,1712,#262,#958
SPACE,1029,1543,#32,#1513
SPADE,975,1545,#90,#1506
SPAKE,965,1421,#107,#1941
SPANK,789,1186,#574,#2545
SPANS,738,1123,#848,#2663
SPARE,1041,1836,#24,#644
SPARK,769,1431,#683,#1908
SPARS,718,1368,#979,#2103
SPASM,737,936,#854,#2932
SPAWN,683,1283,#1214,#2332
SPEAK,649,1737,#1518,#879
SPEAR,723,2154,#938,#134
SPECK,631,1380,#1674,#2070
SPEED,765,1163,#701,#2592
SPELL,692,1378,#1159,#2076
SPELT,770,1774,#679,#792
SPEND,678,1547,#1253,#1495
SPENT,790,1680,#570,#1054
SPERM,599,1795,#1919,#738
SPICE,964,1385,#108,#2059
SPICY,857,945,#326,#2927
SPIED,826,1471,#434,#1763
SPIES,760,1289,#735,#2315
SPIKE,900,1263,#203,#2389
SPILL,753,978,#771,#2878
SPILT,831,1374,#421,#2083
SPINE,996,1433,#65,#1904
SPINS,673,965,#1288,#2895
SPINY,889,993,#232,#2862
SPIRE,976,1678,#87,#1061
SPITE,960,1582,#116,#1368
SPITS,637,1114,#1622,#2683
SPLIT,727,1478,#910,#1737
SPOIL,771,1437,#670,#1894
SPOKE,908,1299,#184,#2286
SPOOK,686,754,#1194,#3043
SPOOL,735,1045,#867,#2785
SPOON,701,1005,#1102,#2841
SPOOR,760,1171,#735,#2577
SPORE,984,1714,#78,#954
SPORT,839,1561,#390,#1442
SPOTS,645,1150,#1553,#2613
SPOUT,782,1312,#614,#2247
SPRAY,808,1522,#499,#1574
SPREE,1016,1269,#42,#2373
SPRIG,600,1462,#1911,#1802
SPUNK,653,946,#1480,#2925
SPURN,648,1442,#1526,#1873
SPURS,582,1128,#2057,#2649
SPURT,760,1443,#735,#1868
SQUAD,612,1194,#1826,#2525
SQUAT,724,1327,#932,#2205
SQUAW,532,1131,#2410,#2643
STABS,633,1295,#1649,#2302
STACK,775,1402,#645,#1989
STAFF,640,1228,#1591,#2462
STAGE,999,1754,#56,#834
STAGS,676,1286,#1268,#2320
STAID,812,1651,#486,#1154
STAIN,812,1783,#486,#776
STAIR,871,1949,#285,#412
STAKE,983,1685,#80,#1036
STALE,1059,1949,#14,#412
STALK,787,1544,#583,#1509
STALL,836,1400,#401,#2004
STAMP,686,1480,#1194,#1731
STAND,822,1569,#446,#1407
STANK,807,1450,#503,#1848
STARE,1059,2100,#14,#189
STARK,787,1695,#583,#1007
STARS,736,1632,#862,#1209
START,914,1464,#170,#1794
STATE,1043,1521,#22,#1577
STAVE,976,1656,#87,#1135
STAYS,618,1389,#1775,#2044
STEAD,682,2120,#1222,#166
STEAK,667,2001,#1340,#315
STEAL,716,2292,#994,#48
STEAM,623,2123,#1735,#164
STEED,783,1427,#609,#1921
STEEL,817,1599,#467,#1312
STEEP,734,1439,#869,#1883
STEER,842,1725,#379,#918
STEMS,543,1528,#2337,#1560
STEPS,523,1567,#2454,#1416
STERN,676,2188,#1268,#103
STEWS,509,1475,#2534,#1746
STICK,710,1244,#1031,#2425
STIFF,575,1070,#2123,#2748
STILE,994,1791,#67,#754
STILL,771,1242,#670,#2427
STING,695,1424,#1143,#1930
STINK,742,1292,#823,#2307
STINT,869,1061,#292,#2763
STIRS,671,1474,#1317,#1752
STOCK,718,1280,#979,#2341
STOIC,690,1646,#1173,#1171
STOLE,1002,1827,#53,#665
STONE,1022,1733,#36,#896
STONY,915,1293,#163,#2305
STOOD,719,1137,#969,#2635
STOOL,753,1309,#771,#2260
STOOP,670,1149,#1325,#2614
STOPS,592,1203,#1973,#2502
STORE,1002,1978,#53,#353
STORK,730,1573,#881,#1395
STORM,686,1695,#1194,#1007
STORY,895,1538,#218,#1531
STOUT,800,1093,#527,#2709
STOVE,919,1534,#158,#1540
STRAP,627,1952,#1706,#406
STRAW,596,1877,#1942,#555
STRAY,826,1786,#434,#767
STREW,697,1892,#1126,#531
STRIP,631,1725,#1674,#918
STRUT,725,1277,#921,#2354
STUCK,639,1162,#1597,#2594
STUDS,534,1101,#2396,#2698
STUDY,750,1129,#785,#2645
STUFF,504,988,#2560,#2868
STUMP,550,1240,#2292,#2433
STUNG,624,1342,#1727,#2166
STUNT,798,979,#537,#2874
STYLE,822,1755,#446,#829
SUAVE,1037,1401,#27,#1995
SUCKS,507,801,#2544,#3021
SUGAR,717,1656,#989,#1135
SUING,756,1169,#754,#2580
SUITE,1039,1591,#26,#1338
SUITS,716,1123,#994,#2663
SULKS,542,920,#2346,#2945
SULKY,758,948,#741,#2920
SULLY,834,777,#407,#3035
SUNNY,878,624,#266,#3075
SUPER,810,1691,#493,#1019
SURER,897,1388,#211,#2048
SURGE,928,1561,#149,#1442
SURLY,881,1316,#259,#2232
SWAIN,781,1426,#621,#1925
SWAMP,655,1123,#1467,#2663
SWANS,725,1030,#921,#2810
SWARD,771,1457,#670,#1825
SWARM,712,1460,#1019,#1813
SWAYS,587,1032,#2010,#2807
SWEAR,710,2061,#1031,#231
SWEAT,763,1896,#710,#525
SWEEP,703,1082,#1088,#2732
SWEET,864,1203,#304,#2502
SWELL,679,1285,#1243,#2325
SWEPT,670,1525,#1325,#1569
SWIFT,728,1042,#895,#2789
SWILL,740,885,#834,#2977
SWIMS,573,771,#2140,#3038
SWINE,983,1340,#80,#2171
SWING,664,1067,#1369,#2751
SWIRL,740,1471,#834,#1763
SWISH,733,686,#873,#3065
SWOON,688,912,#1180,#2950
SWOOP,639,792,#1597,#3030
SWORD,714,1335,#1006,#2183
SWORE,971,1621,#98,#1240
SWORN,714,1467,#1006,#1782
SWUNG,593,985,#1961,#2871
SYNOD,566,1397,#2188,#2010
SYRUP,509,1445,#2534,#1863
TABBY,641,1089,#1583,#2718
TABLE,851,1907,#342,#506
TABOO,527,1506,#2433,#1641
TACIT,719,1391,#969,#2038
TACKS,455,1722,#2797,#929
TAILS,680,1989,#1238,#338
TAINT,878,1312,#266,#2247
TAKEN,668,1965,#1334,#388
TAKES,602,2066,#1896,#226
TALES,673,2335,#1288,#34
TALKS,490,1841,#2631,#633
TALLY,782,1283,#614,#2332
TALON,606,2072,#1872,#222
TAMED,702,1877,#1098,#555
TAMER,761,2175,#729,#111
TANKS,514,1743,#2501,#861
TAPER,758,2197,#741,#93
TAPES,633,2132,#1649,#154
TARDY,763,1682,#710,#1049
TARES,720,2439,#960,#12
TARRY,829,1363,#427,#2110
TARTS,597,1781,#1931,#781
TASKS,461,1416,#2778,#1952
TASTE,844,1720,#370,#937
TASTY,737,1280,#854,#2341
TAUNT,807,1230,#503,#2458
TAWNY,741,1336,#827,#2178
TAXED,670,1713,#1325,#956
TAXES,604,1946,#1880,#417
TEACH,774,1932,#653,#458
TEAMS,638,2108,#1606,#181
TEARS,705,2454,#1069,#9
TEASE,1040,1597,#25,#1322
TEEMS,512,1642,#2518,#1185
TEENS,599,1743,#1919,#861
TEETH,644,1180,#1560,#2559
TELLS,526,1826,#2436,#667
TEMPI,381,1938,#3000,#440
TEMPO,427,1936,#2897,#446
TEMPS,402,1880,#2956,#552
TENDS,484,2023,#2668,#280
TENET,835,1102,#404,#2696
TENOR,649,2296,#1518,#44
TENSE,885,1457,#246,#1825
TENTH,615,1506,#1794,#1641
TENTS,534,1735,#2396,#890
TEPEE,916,807,#162,#3019
TEPID,562,1813,#2210,#701
TERMS,506,2170,#2551,#114
TERSE,908,1659,#184,#1127
TESTS,481,1408,#2679,#1978
TESTY,697,1436,#1126,#1897
TEXTS,441,1444,#2849,#1865
THANK,712,1397,#1019,#2010
THEFT,603,1263,#1889,#2389
THEIR,650,2138,#1506,#149
THEME,771,1235,#670,#2443
THERE,838,1581,#393,#1372
THESE,850,1379,#346,#2071
THICK,615,1191,#1794,#2529
THIEF,677,1631,#1260,#1212
THIGH,597,968,#1931,#2890
THINE,919,1644,#158,#1179
THING,600,1371,#1911,#2090
THINK,647,1239,#1538,#2435
THIRD,642,1603,#1577,#1298
THONG,608,1407,#1857,#1979
THORN,650,1771,#1506,#797
THOSE,919,1723,#158,#928
THREE,939,1480,#136,#1731
THREW,602,1839,#1896,#637
THROB,467,1739,#2754,#873
THROE,806,2026,#512,#278
THROW,469,1677,#2740,#1064
THUMB,422,1174,#2911,#2570
THUMP,455,1187,#2797,#2541
THYME,660,1507,#1407,#1639
TIARA,685,1737,#1204,#879
TIBIA,478,1465,#2698,#1788
TICKS,376,1578,#3012,#1382
TIDAL,571,1931,#2162,#462
TIDES,572,2007,#2149,#303
TIERS,540,2396,#2365,#19
TIGER,687,2033,#1187,#270
TIGHT,535,1066,#2388,#2755
TILDE,744,1874,#817,#563
TILED,660,1958,#1407,#400
TILES,594,2191,#1954,#100
TILLS,487,1526,#2646,#1567
TILTS,471,1533,#2731,#1545
TIMED,623,1733,#1735,#896
TIMES,557,1966,#2243,#385
TIMID,526,1017,#2436,#2824
TINGE,774,1721,#653,#933
TINTS,495,1435,#2606,#1900
TIPSY,675,1320,#1274,#2220
TIRED,707,2062,#1049,#229
TIRES,641,2295,#1583,#46
TITHE,716,1477,#994,#1742
TITLE,814,1566,#480,#1421
TOADS,674,1833,#1280,#649
TOAST,930,1339,#142,#2172
TODAY,761,1575,#729,#1390
TODDY,689,948,#1175,#2920
TOILS,675,1815,#1274,#695
TOKEN,663,1791,#1377,#754
TOLLS,561,1496,#2215,#1675
TOMBS,421,1520,#2914,#1579
TOMES,631,1936,#1674,#446
TONED,758,1830,#741,#655
TONES,692,2063,#1159,#228
TONGS,525,1638,#2446,#1199
TONIC,596,1705,#1942,#979
TOOLS,683,1379,#1214,#2071
TOOTH,748,722,#796,#3057
TOPAZ,504,1543,#2560,#1513
TOPIC,532,1600,#2410,#1310
TOQUE,749,1499,#792,#1666
TORCH,677,1664,#1260,#1114
TORSO,645,1568,#1553,#1412
TORTS,592,1607,#1973,#1288
TOTAL,671,1637,#1317,#1201
TOTEM,679,1483,#1243,#1719
TOUCH,673,1362,#1288,#2114
TOUGH,625,1309,#1720,#2260
TOURS,604,1884,#1880,#545
TOWED,673,1640,#1288,#1193
TOWEL,707,1812,#1049,#702
TOWER,732,1938,#875,#440
TOWNS,520,1549,#2469,#1489
TOXIC,503,1414,#2568,#1963
TOYED,676,1776,#1268,#786
TRACE,1037,2007,#27,#303
TRACK,765,1602,#701,#1301
TRACT,892,1371,#228,#2090
TRADE,983,2009,#80,#301
TRAIL,836,2023,#401,#280
TRAIN,802,1983,#521,#343
TRAIT,914,1501,#170,#1661
TRAMP,676,1680,#1268,#1054
TRAMS,659,1901,#1420,#518
TRAPS,639,1940,#1597,#433
TRASH,819,1816,#464,#691
TRAYS,608,2004,#1857,#309
TREAD,672,2320,#1306,#38
TREAT,784,1970,#606,#373
TREED,773,1627,#659,#1222
TREES,707,1860,#1049,#592
TREND,686,2011,#1194,#298
TRESS,612,1872,#1826,#569
TRIAD,733,1920,#873,#479
TRIAL,767,2092,#693,#202
TRIBE,881,1805,#259,#715
TRICE,972,1849,#92,#617
TRICK,700,1444,#1109,#1865
TRIED,834,1935,#407,#451
TRIES,768,2168,#689,#117
TRILL,761,1442,#729,#1873
TRIPE,897,1835,#211,#645
TRIPS,574,1782,#2130,#778
TRITE,968,1563,#104,#1431
TROLL,769,1478,#683,#1737
TROOP,660,1349,#1407,#2152
TROTH,734,1317,#869,#2227
TROTS,653,1546,#1480,#1502
TROUT,790,1293,#570,#2305
TRUCE,901,1767,#201,#803
TRUCK,629,1362,#1691,#2114
TRUER,822,1541,#446,#1522
TRULY,806,1469,#512,#1773
TRUMP,540,1440,#2365,#1880
TRUNK,661,1410,#1396,#1974
TRUSS,602,1390,#1896,#2040
TRUST,780,1222,#627,#2472
TRUTH,655,1199,#1467,#2515
TRYST,679,1268,#1243,#2378
TUBES,539,1804,#2372,#716
TUFTS,395,1127,#2971,#2653
TULIP,497,1592,#2596,#1333
TULLE,793,1443,#558,#1868
TUNED,667,1724,#1340,#925
TUNES,601,1957,#1905,#402
TUNIC,505,1599,#2552,#1312
TURNS,537,1835,#2379,#645
TUSKS,365,1136,#3030,#2638
TUTOR,573,1510,#2140,#1622
TWAIN,633,1652,#1649,#1149
TWANG,581,1451,#2065,#1842
TWEED,604,1296,#1880,#2299
TWICE,803,1518,#518,#1588
TWIGS,432,1412,#2875,#1971
TWINE,835,1566,#404,#1421
TWINS,512,1513,#2518,#1613
TWIRL,592,1697,#1973,#1000
TWIST,682,973,#1222,#2884
TYING,492,1456,#2618,#1828
TYPED,487,1680,#2646,#1054
TYPES,421,1913,#2914,#492
UDDER,478,1621,#2698,#1240
ULCER,597,2032,#1931,#271
ULTRA,423,2283,#2907,#53
UNCLE,613,1791,#1813,#754
UNCUT,411,1211,#2934,#2490
UNDER,535,1968,#2388,#378
UNDID,379,1156,#3004,#2603
UNDUE,569,1299,#2171,#2286
UNFIT,454,1475,#2802,#1746
UNION,479,1312,#2692,#2247
UNITE,746,1849,#803,#617
UNITS,423,1796,#2907,#735
UNITY,639,1409,#1597,#1976
UNSAY,518,1675,#2482,#1071
UNTIE,662,1933,#1384,#455
UNTIL,439,1819,#2853,#686
UPPER,492,1573,#2618,#1395
UPSET,556,1833,#2250,#649
URBAN,490,1814,#2631,#699
URGED,597,1725,#1931,#918
URGES,531,1958,#2416,#400
URINE,913,1794,#175,#741
USAGE,709,1850,#1035,#613
USERS,320,1970,#3068,#373
USHER,429,2128,#2887,#160
USING,405,1520,#2948,#1579
USUAL,416,1577,#2925,#1384
USURP,327,1353,#3064,#2140
USURY,526,1187,#2436,#2541
UTTER,554,1824,#2271,#673
VAGUE,712,1510,#1019,#1622
VALES,585,2008,#2021,#302
VALET,763,1908,#710,#503
VALID,554,1533,#2271,#1545
VALUE,744,1733,#817,#896
VALVE,718,1427,#979,#1921
VANES,609,1910,#1845,#499
VAPID,514,1330,#2501,#2196
VASES,556,1583,#2250,#1362
VAULT,699,1480,#1114,#1731
VAUNT,719,1386,#969,#2052
VEILS,552,1818,#2282,#687
VEINS,572,1724,#2149,#925
VELDT,550,1694,#2292,#1009
VENAL,568,1990,#2177,#336
VENOM,443,1674,#2842,#1073
VENTS,446,1891,#2830,#534
VENUE,728,1083,#895,#2729
VERBS,382,1852,#2998,#610
VERGE,748,1188,#796,#2539
VERSE,820,1332,#460,#2191
VERVE,725,979,#921,#2874
VESTS,393,1564,#2976,#1428
VEXED,542,834,#2346,#3007
VEXES,476,1067,#2712,#2751
VIALS,578,1676,#2090,#1068
VICAR,495,1795,#2606,#738
VICES,471,1745,#2731,#856
VIDEO,509,1736,#2534,#884
VIEWS,351,1670,#3046,#1089
VIGIL,477,864,#2703,#2987
VILER,631,1929,#1674,#465
VILLA,418,1440,#2921,#1880
VINES,530,1766,#2421,#807
VIOLA,540,1795,#2365,#738
VIPER,591,1726,#1982,#915
VIRUS,389,1640,#2987,#1193
VISIT,558,1038,#2236,#2797
VISOR,469,1757,#2740,#824
VISTA,373,1920,#3017,#479
VITAL,509,1823,#2534,#675
VIVID,435,468,#2864,#3097
VIXEN,503,1374,#2568,#2083
VIZOR,429,1374,#2887,#2083
VOCAL,544,1639,#2334,#1196
VODKA,394,1397,#2975,#2010
VOGUE,707,1336,#1049,#2178
VOICE,898,1399,#208,#2006
VOILE,910,1541,#178,#1522
VOLTS,457,1659,#2788,#1127
VOMIT,624,1267,#1727,#2381
VOTED,650,1636,#1506,#1206
VOTER,709,1934,#1035,#453
VOTES,584,1869,#2034,#572
VOUCH,585,1035,#2021,#2802
VOWED,585,1313,#2021,#2243
VOWEL,619,1485,#1769,#1710
VYING,404,1129,#2950,#2645
WADED,656,1319,#1454,#2221
WAFER,678,1803,#1253,#720
WAFTS,430,1563,#2882,#1431
WAGED,646,1552,#1545,#1472
WAGER,705,1850,#1069,#613
WAGES,580,1785,#2070,#771
WAGON,513,1522,#2510,#1574
WAIFS,529,1423,#2427,#1934
WAILS,619,1662,#1769,#1118
WAIST,809,1511,#496,#1619
WAITS,603,1717,#1889,#944
WAIVE,859,1422,#323,#1937
WAKED,607,1506,#1862,#1641
WAKEN,607,1638,#1862,#1199
WAKES,541,1739,#2359,#873
WALKS,429,1514,#2887,#1608
WALLS,505,1343,#2552,#2163
WALTZ,466,1433,#2758,#1904
WANDS,463,1540,#2769,#1525
WANED,702,1677,#1098,#1064
WANES,636,1910,#1631,#499
WANTS,513,1735,#2510,#890
WARDS,486,1742,#2651,#865
WARES,659,2112,#1420,#179
WARMS,485,1687,#2656,#1028
WARNS,572,1788,#2149,#762
WARTS,536,1937,#2384,#444
WASPS,389,1197,#2987,#2521
WASTE,783,1876,#609,#557
WATCH,578,1442,#2090,#1873
WATER,741,2108,#827,#181
WAVED,638,1439,#1606,#1883
WAVER,697,1737,#1126,#879
WAVES,572,1672,#2149,#1081
WAXED,609,1386,#1845,#2052
WAXEN,609,1518,#1845,#1588
WAXES,543,1619,#2337,#1250
WEARS,644,2127,#1560,#162
WEARY,860,1740,#318,#869
WEAVE,884,1028,#248,#2812
WEDGE,706,900,#1062,#2964
WEEDS,452,1370,#2809,#2097
WEEDY,668,983,#1334,#2872
WEEKS,442,1246,#2846,#2420
WEEPS,431,1354,#2878,#2136
WEIGH,600,1394,#1911,#2028
WEIRD,645,1736,#1553,#884
WELCH,534,1563,#2396,#1431
WELLS,465,1499,#2764,#1666
WENCH,558,1465,#2236,#1788
WHACK,619,1022,#1769,#2819
WHALE,903,1569,#194,#1407
WHARF,574,1383,#2130,#2061
WHEAT,638,1873,#1606,#566
WHEEL,661,1219,#1396,#2477
WHELP,471,1537,#2731,#1534
WHERE,777,1254,#636,#2407
WHICH,584,694,#2034,#3062
WHIFF,419,690,#2919,#3064
WHILE,838,1411,#393,#1973
WHIMS,448,1163,#2825,#2592
WHINE,858,1317,#324,#2227
WHIPS,428,1202,#2895,#2509
WHIRL,615,1448,#1794,#1853
WHIRR,640,964,#1591,#2897
WHISK,578,955,#2090,#2911
WHIST,705,1207,#1069,#2496
WHITE,822,1466,#446,#1785
WHOLE,846,1447,#361,#1856
WHOOP,514,769,#2501,#3039
WHORE,846,1598,#361,#1318
WHOSE,858,1396,#324,#2020
WICKS,315,1251,#3072,#2415
WIDEN,577,1579,#2105,#1381
WIDER,636,1745,#1631,#856
WIDOW,364,1081,#3033,#2734
WIDTH,469,1276,#2740,#2355
WIELD,545,1685,#2325,#1036
WIGHT,474,1222,#2717,#2472
WILDS,360,1494,#3035,#1683
WILES,533,1864,#2406,#584
WILLS,426,1199,#2899,#2515
WINCE,761,1447,#729,#1856
WINCH,519,1165,#2473,#2588
WINDS,384,1396,#2995,#2020
WINDY,600,1009,#1911,#2835
WINES,557,1766,#2243,#807
WINGS,390,1341,#2986,#2169
WINKS,374,1272,#3014,#2367
WIPED,559,1428,#2228,#1915
WIPES,493,1661,#2613,#1122
WIRED,646,1735,#1545,#890
WIRES,580,1968,#2070,#378
WISER,629,1919,#1691,#483
WISPS,310,1053,#3078,#2776
WITCH,499,1298,#2586,#2290
WITTY,630,854,#1685,#2996
WIVES,493,1528,#2613,#1560
WOMAN,535,1493,#2388,#1687
WOMEN,636,1508,#1631,#1632
WOODS,556,912,#2250,#2950
WOODY,772,525,#665,#3091
WOOED,795,1049,#546,#2780
WOOER,854,1347,#336,#2155
WORDS,481,1568,#2679,#1412
WORDY,697,1181,#1126,#2557
WORKS,471,1444,#2731,#1865
WORLD,613,1475,#1813,#1746
WORMS,480,1513,#2685,#1613
WORRY,763,862,#710,#2989
WORSE,882,1710,#257,#964
WORST,737,1557,#854,#1452
WORTH,612,1534,#1826,#1540
WOULD,609,1173,#1845,#2574
WOUND,629,1079,#1691,#2738
WRACK,704,1275,#1077,#2359
WRAPS,578,1613,#2090,#1265
WRAPT,756,1513,#754,#1613
WRATH,730,1595,#881,#1328
WREAK,596,1874,#1942,#563
WRECK,578,1517,#2090,#1597
WREST,729,1860,#890,#592
WRING,624,1297,#1727,#2294
WRIST,790,1460,#570,#1813
WRITE,907,1719,#189,#941
WRITS,584,1666,#2034,#1103
WRONG,632,1333,#1661,#2187
WROTE,915,1755,#163,#829
WROTH,673,1473,#1288,#1755
YACHT,499,1660,#2586,#1123
YARDS,435,1932,#2864,#458
YARNS,521,1978,#2465,#353
YAWNS,413,1586,#2930,#1354
YEARN,659,2216,#1420,#84
YEARS,593,2317,#1961,#40
YEAST,783,2015,#609,#289
YELLS,414,1689,#2929,#1025
YELPS,327,1968,#3064,#378
YIELD,494,1875,#2610,#561
YOKED,551,1522,#2289,#1574
YOKES,485,1755,#2656,#829
YOLKS,373,1530,#3017,#1555
YOUNG,516,1282,#2494,#2336
YOURS,492,1747,#2618,#855
YOUTH,557,1422,#2243,#1937
ZEBRA,391,2017,#2983,#287
ZONES,576,1678,#2112,#1061
